Doi,Study,Year,Continent,Country,City,Owner_ID,N. hives,Std_owner_ID
-,-,-,Europe,Switzerland,Zurich,1,1,195
-,-,-,Europe,Switzerland,Zurich,2,1,194
-,-,-,Europe,Switzerland,Zurich,3,1,193
-,-,-,Europe,Switzerland,Zurich,4,1,192
-,-,-,Europe,Switzerland,Zurich,5,1,191
-,-,-,Europe,Switzerland,Zurich,6,1,190
-,-,-,Europe,Switzerland,Zurich,7,1,189
-,-,-,Europe,Switzerland,Zurich,8,1,188
-,-,-,Europe,Switzerland,Zurich,9,1,187
-,-,-,Europe,Switzerland,Zurich,10,1,186
-,-,-,Europe,Switzerland,Zurich,11,1,185
-,-,-,Europe,Switzerland,Zurich,12,1,184
-,-,-,Europe,Switzerland,Zurich,13,1,183
-,-,-,Europe,Switzerland,Zurich,14,1,182
-,-,-,Europe,Switzerland,Zurich,15,1,181
-,-,-,Europe,Switzerland,Zurich,16,1,180
-,-,-,Europe,Switzerland,Zurich,17,1,179
-,-,-,Europe,Switzerland,Zurich,18,1,178
-,-,-,Europe,Switzerland,Zurich,19,1,177
-,-,-,Europe,Switzerland,Zurich,20,1,176
-,-,-,Europe,Switzerland,Zurich,21,1,175
-,-,-,Europe,Switzerland,Zurich,22,1,174
-,-,-,Europe,Switzerland,Zurich,23,1,173
-,-,-,Europe,Switzerland,Zurich,24,1,172
-,-,-,Europe,Switzerland,Zurich,25,1,171
-,-,-,Europe,Switzerland,Zurich,26,1,170
-,-,-,Europe,Switzerland,Zurich,27,1,169
-,-,-,Europe,Switzerland,Zurich,28,1,168
-,-,-,Europe,Switzerland,Zurich,29,1,167
-,-,-,Europe,Switzerland,Zurich,30,1,166
-,-,-,Europe,Switzerland,Zurich,31,1,165
-,-,-,Europe,Switzerland,Zurich,32,1,164
-,-,-,Europe,Switzerland,Zurich,33,1,163
-,-,-,Europe,Switzerland,Zurich,34,2,162
-,-,-,Europe,Switzerland,Zurich,35,2,161
-,-,-,Europe,Switzerland,Zurich,36,2,160
-,-,-,Europe,Switzerland,Zurich,37,2,159
-,-,-,Europe,Switzerland,Zurich,38,2,158
-,-,-,Europe,Switzerland,Zurich,39,2,157
-,-,-,Europe,Switzerland,Zurich,40,2,156
-,-,-,Europe,Switzerland,Zurich,41,2,155
-,-,-,Europe,Switzerland,Zurich,42,2,154
-,-,-,Europe,Switzerland,Zurich,43,2,153
-,-,-,Europe,Switzerland,Zurich,44,2,152
-,-,-,Europe,Switzerland,Zurich,45,2,151
-,-,-,Europe,Switzerland,Zurich,46,2,150
-,-,-,Europe,Switzerland,Zurich,47,2,149
-,-,-,Europe,Switzerland,Zurich,48,2,148
-,-,-,Europe,Switzerland,Zurich,49,2,147
-,-,-,Europe,Switzerland,Zurich,50,2,146
-,-,-,Europe,Switzerland,Zurich,51,2,145
-,-,-,Europe,Switzerland,Zurich,52,2,144
-,-,-,Europe,Switzerland,Zurich,53,2,143
-,-,-,Europe,Switzerland,Zurich,54,2,142
-,-,-,Europe,Switzerland,Zurich,55,2,141
-,-,-,Europe,Switzerland,Zurich,56,2,140
-,-,-,Europe,Switzerland,Zurich,57,2,139
-,-,-,Europe,Switzerland,Zurich,58,2,138
-,-,-,Europe,Switzerland,Zurich,59,2,137
-,-,-,Europe,Switzerland,Zurich,60,2,136
-,-,-,Europe,Switzerland,Zurich,61,2,135
-,-,-,Europe,Switzerland,Zurich,62,2,134
-,-,-,Europe,Switzerland,Zurich,63,2,133
-,-,-,Europe,Switzerland,Zurich,64,2,132
-,-,-,Europe,Switzerland,Zurich,65,2,131
-,-,-,Europe,Switzerland,Zurich,66,2,130
-,-,-,Europe,Switzerland,Zurich,67,2,129
-,-,-,Europe,Switzerland,Zurich,68,2,128
-,-,-,Europe,Switzerland,Zurich,69,2,127
-,-,-,Europe,Switzerland,Zurich,70,2,126
-,-,-,Europe,Switzerland,Zurich,71,2,125
-,-,-,Europe,Switzerland,Zurich,72,2,124
-,-,-,Europe,Switzerland,Zurich,73,3,123
-,-,-,Europe,Switzerland,Zurich,74,3,122
-,-,-,Europe,Switzerland,Zurich,75,3,121
-,-,-,Europe,Switzerland,Zurich,76,3,120
-,-,-,Europe,Switzerland,Zurich,77,3,119
-,-,-,Europe,Switzerland,Zurich,78,3,118
-,-,-,Europe,Switzerland,Zurich,79,3,117
-,-,-,Europe,Switzerland,Zurich,80,3,116
-,-,-,Europe,Switzerland,Zurich,81,3,115
-,-,-,Europe,Switzerland,Zurich,82,3,114
-,-,-,Europe,Switzerland,Zurich,83,3,113
-,-,-,Europe,Switzerland,Zurich,84,3,112
-,-,-,Europe,Switzerland,Zurich,85,3,111
-,-,-,Europe,Switzerland,Zurich,86,3,110
-,-,-,Europe,Switzerland,Zurich,87,3,109
-,-,-,Europe,Switzerland,Zurich,88,3,108
-,-,-,Europe,Switzerland,Zurich,89,3,107
-,-,-,Europe,Switzerland,Zurich,90,3,106
-,-,-,Europe,Switzerland,Zurich,91,3,105
-,-,-,Europe,Switzerland,Zurich,92,3,104
-,-,-,Europe,Switzerland,Zurich,93,3,103
-,-,-,Europe,Switzerland,Zurich,94,4,102
-,-,-,Europe,Switzerland,Zurich,95,4,101
-,-,-,Europe,Switzerland,Zurich,96,4,100
-,-,-,Europe,Switzerland,Zurich,97,4,99
-,-,-,Europe,Switzerland,Zurich,98,4,98
-,-,-,Europe,Switzerland,Zurich,99,4,97
-,-,-,Europe,Switzerland,Zurich,100,4,96
-,-,-,Europe,Switzerland,Zurich,101,4,95
-,-,-,Europe,Switzerland,Zurich,102,4,94
-,-,-,Europe,Switzerland,Zurich,103,4,93
-,-,-,Europe,Switzerland,Zurich,104,4,92
-,-,-,Europe,Switzerland,Zurich,105,4,91
-,-,-,Europe,Switzerland,Zurich,106,4,90
-,-,-,Europe,Switzerland,Zurich,107,4,89
-,-,-,Europe,Switzerland,Zurich,108,4,88
-,-,-,Europe,Switzerland,Zurich,109,4,87
-,-,-,Europe,Switzerland,Zurich,110,4,86
-,-,-,Europe,Switzerland,Zurich,111,4,85
-,-,-,Europe,Switzerland,Zurich,112,4,84
-,-,-,Europe,Switzerland,Zurich,113,4,83
-,-,-,Europe,Switzerland,Zurich,114,5,82
-,-,-,Europe,Switzerland,Zurich,115,5,81
-,-,-,Europe,Switzerland,Zurich,116,5,80
-,-,-,Europe,Switzerland,Zurich,117,5,79
-,-,-,Europe,Switzerland,Zurich,118,5,78
-,-,-,Europe,Switzerland,Zurich,119,5,77
-,-,-,Europe,Switzerland,Zurich,120,5,76
-,-,-,Europe,Switzerland,Zurich,121,5,75
-,-,-,Europe,Switzerland,Zurich,122,5,74
-,-,-,Europe,Switzerland,Zurich,123,5,73
-,-,-,Europe,Switzerland,Zurich,124,5,72
-,-,-,Europe,Switzerland,Zurich,125,5,71
-,-,-,Europe,Switzerland,Zurich,126,5,70
-,-,-,Europe,Switzerland,Zurich,127,6,69
-,-,-,Europe,Switzerland,Zurich,128,6,68
-,-,-,Europe,Switzerland,Zurich,129,6,67
-,-,-,Europe,Switzerland,Zurich,130,6,66
-,-,-,Europe,Switzerland,Zurich,131,6,65
-,-,-,Europe,Switzerland,Zurich,132,6,64
-,-,-,Europe,Switzerland,Zurich,133,6,63
-,-,-,Europe,Switzerland,Zurich,134,6,62
-,-,-,Europe,Switzerland,Zurich,135,6,61
-,-,-,Europe,Switzerland,Zurich,136,7,60
-,-,-,Europe,Switzerland,Zurich,137,7,59
-,-,-,Europe,Switzerland,Zurich,138,7,58
-,-,-,Europe,Switzerland,Zurich,139,7,57
-,-,-,Europe,Switzerland,Zurich,140,7,56
-,-,-,Europe,Switzerland,Zurich,141,7,55
-,-,-,Europe,Switzerland,Zurich,142,7,54
-,-,-,Europe,Switzerland,Zurich,143,7,53
-,-,-,Europe,Switzerland,Zurich,144,7,52
-,-,-,Europe,Switzerland,Zurich,145,8,51
-,-,-,Europe,Switzerland,Zurich,146,8,50
-,-,-,Europe,Switzerland,Zurich,147,8,49
-,-,-,Europe,Switzerland,Zurich,148,8,48
-,-,-,Europe,Switzerland,Zurich,149,8,47
-,-,-,Europe,Switzerland,Zurich,150,8,46
-,-,-,Europe,Switzerland,Zurich,151,8,45
-,-,-,Europe,Switzerland,Zurich,152,9,44
-,-,-,Europe,Switzerland,Zurich,153,9,43
-,-,-,Europe,Switzerland,Zurich,154,9,42
-,-,-,Europe,Switzerland,Zurich,155,9,41
-,-,-,Europe,Switzerland,Zurich,156,10,40
-,-,-,Europe,Switzerland,Zurich,157,10,39
-,-,-,Europe,Switzerland,Zurich,158,10,38
-,-,-,Europe,Switzerland,Zurich,159,10,37
-,-,-,Europe,Switzerland,Zurich,160,10,36
-,-,-,Europe,Switzerland,Zurich,161,10,35
-,-,-,Europe,Switzerland,Zurich,162,10,34
-,-,-,Europe,Switzerland,Zurich,163,10,33
-,-,-,Europe,Switzerland,Zurich,164,10,32
-,-,-,Europe,Switzerland,Zurich,165,10,31
-,-,-,Europe,Switzerland,Zurich,166,10,30
-,-,-,Europe,Switzerland,Zurich,167,10,29
-,-,-,Europe,Switzerland,Zurich,168,10,28
-,-,-,Europe,Switzerland,Zurich,169,10,27
-,-,-,Europe,Switzerland,Zurich,170,11,26
-,-,-,Europe,Switzerland,Zurich,171,11,25
-,-,-,Europe,Switzerland,Zurich,172,11,24
-,-,-,Europe,Switzerland,Zurich,173,11,23
-,-,-,Europe,Switzerland,Zurich,174,11,22
-,-,-,Europe,Switzerland,Zurich,175,11,21
-,-,-,Europe,Switzerland,Zurich,176,12,20
-,-,-,Europe,Switzerland,Zurich,177,13,19
-,-,-,Europe,Switzerland,Zurich,178,13,18
-,-,-,Europe,Switzerland,Zurich,179,14,17
-,-,-,Europe,Switzerland,Zurich,180,15,16
-,-,-,Europe,Switzerland,Zurich,181,15,15
-,-,-,Europe,Switzerland,Zurich,182,16,14
-,-,-,Europe,Switzerland,Zurich,183,16,13
-,-,-,Europe,Switzerland,Zurich,184,16,12
-,-,-,Europe,Switzerland,Zurich,185,16,11
-,-,-,Europe,Switzerland,Zurich,186,17,10
-,-,-,Europe,Switzerland,Zurich,187,18,9
-,-,-,Europe,Switzerland,Zurich,188,19,8
-,-,-,Europe,Switzerland,Zurich,189,20,7
-,-,-,Europe,Switzerland,Zurich,190,20,6
-,-,-,Europe,Switzerland,Zurich,191,20,5
-,-,-,Europe,Switzerland,Zurich,192,20,4
-,-,-,Europe,Switzerland,Zurich,193,20,3
-,-,-,Europe,Switzerland,Zurich,194,23,2
-,-,-,Europe,Switzerland,Zurich,195,24,1
-,-,-,Europe,Switzerland,Bern,1,1,100
-,-,-,Europe,Switzerland,Bern,2,1,99
-,-,-,Europe,Switzerland,Bern,3,1,98
-,-,-,Europe,Switzerland,Bern,4,1,97
-,-,-,Europe,Switzerland,Bern,5,1,96
-,-,-,Europe,Switzerland,Bern,6,1,95
-,-,-,Europe,Switzerland,Bern,7,1,94
-,-,-,Europe,Switzerland,Bern,8,1,93
-,-,-,Europe,Switzerland,Bern,9,1,92
-,-,-,Europe,Switzerland,Bern,10,2,91
-,-,-,Europe,Switzerland,Bern,11,2,90
-,-,-,Europe,Switzerland,Bern,12,2,89
-,-,-,Europe,Switzerland,Bern,13,2,88
-,-,-,Europe,Switzerland,Bern,14,2,87
-,-,-,Europe,Switzerland,Bern,15,2,86
-,-,-,Europe,Switzerland,Bern,16,2,85
-,-,-,Europe,Switzerland,Bern,17,2,84
-,-,-,Europe,Switzerland,Bern,18,2,83
-,-,-,Europe,Switzerland,Bern,19,2,82
-,-,-,Europe,Switzerland,Bern,20,2,81
-,-,-,Europe,Switzerland,Bern,21,2,80
-,-,-,Europe,Switzerland,Bern,22,2,79
-,-,-,Europe,Switzerland,Bern,23,2,78
-,-,-,Europe,Switzerland,Bern,24,2,77
-,-,-,Europe,Switzerland,Bern,25,2,76
-,-,-,Europe,Switzerland,Bern,26,3,75
-,-,-,Europe,Switzerland,Bern,27,3,74
-,-,-,Europe,Switzerland,Bern,28,3,73
-,-,-,Europe,Switzerland,Bern,29,3,72
-,-,-,Europe,Switzerland,Bern,30,3,71
-,-,-,Europe,Switzerland,Bern,31,3,70
-,-,-,Europe,Switzerland,Bern,32,3,69
-,-,-,Europe,Switzerland,Bern,33,3,68
-,-,-,Europe,Switzerland,Bern,34,3,67
-,-,-,Europe,Switzerland,Bern,35,3,66
-,-,-,Europe,Switzerland,Bern,36,3,65
-,-,-,Europe,Switzerland,Bern,37,3,64
-,-,-,Europe,Switzerland,Bern,38,3,63
-,-,-,Europe,Switzerland,Bern,39,3,62
-,-,-,Europe,Switzerland,Bern,40,4,61
-,-,-,Europe,Switzerland,Bern,41,4,60
-,-,-,Europe,Switzerland,Bern,42,4,59
-,-,-,Europe,Switzerland,Bern,43,4,58
-,-,-,Europe,Switzerland,Bern,44,4,57
-,-,-,Europe,Switzerland,Bern,45,4,56
-,-,-,Europe,Switzerland,Bern,46,4,55
-,-,-,Europe,Switzerland,Bern,47,4,54
-,-,-,Europe,Switzerland,Bern,48,4,53
-,-,-,Europe,Switzerland,Bern,49,4,52
-,-,-,Europe,Switzerland,Bern,50,4,51
-,-,-,Europe,Switzerland,Bern,51,4,50
-,-,-,Europe,Switzerland,Bern,52,4,49
-,-,-,Europe,Switzerland,Bern,53,4,48
-,-,-,Europe,Switzerland,Bern,54,4,47
-,-,-,Europe,Switzerland,Bern,55,5,46
-,-,-,Europe,Switzerland,Bern,56,5,45
-,-,-,Europe,Switzerland,Bern,57,5,44
-,-,-,Europe,Switzerland,Bern,58,5,43
-,-,-,Europe,Switzerland,Bern,59,6,42
-,-,-,Europe,Switzerland,Bern,60,6,41
-,-,-,Europe,Switzerland,Bern,61,6,40
-,-,-,Europe,Switzerland,Bern,62,6,39
-,-,-,Europe,Switzerland,Bern,63,6,38
-,-,-,Europe,Switzerland,Bern,64,6,37
-,-,-,Europe,Switzerland,Bern,65,6,36
-,-,-,Europe,Switzerland,Bern,66,7,35
-,-,-,Europe,Switzerland,Bern,67,7,34
-,-,-,Europe,Switzerland,Bern,68,7,33
-,-,-,Europe,Switzerland,Bern,69,7,32
-,-,-,Europe,Switzerland,Bern,70,7,31
-,-,-,Europe,Switzerland,Bern,71,8,30
-,-,-,Europe,Switzerland,Bern,72,8,29
-,-,-,Europe,Switzerland,Bern,73,8,28
-,-,-,Europe,Switzerland,Bern,74,8,27
-,-,-,Europe,Switzerland,Bern,75,8,26
-,-,-,Europe,Switzerland,Bern,76,8,25
-,-,-,Europe,Switzerland,Bern,77,8,24
-,-,-,Europe,Switzerland,Bern,78,9,23
-,-,-,Europe,Switzerland,Bern,79,9,22
-,-,-,Europe,Switzerland,Bern,80,9,21
-,-,-,Europe,Switzerland,Bern,81,9,20
-,-,-,Europe,Switzerland,Bern,82,10,19
-,-,-,Europe,Switzerland,Bern,83,10,18
-,-,-,Europe,Switzerland,Bern,84,10,17
-,-,-,Europe,Switzerland,Bern,85,10,16
-,-,-,Europe,Switzerland,Bern,86,11,15
-,-,-,Europe,Switzerland,Bern,87,11,14
-,-,-,Europe,Switzerland,Bern,88,12,13
-,-,-,Europe,Switzerland,Bern,89,14,12
-,-,-,Europe,Switzerland,Bern,90,15,11
-,-,-,Europe,Switzerland,Bern,91,15,10
-,-,-,Europe,Switzerland,Bern,92,15,9
-,-,-,Europe,Switzerland,Bern,93,16,8
-,-,-,Europe,Switzerland,Bern,94,16,7
-,-,-,Europe,Switzerland,Bern,95,16,6
-,-,-,Europe,Switzerland,Bern,96,16,5
-,-,-,Europe,Switzerland,Bern,97,23,4
-,-,-,Europe,Switzerland,Bern,98,24,3
-,-,-,Europe,Switzerland,Bern,99,25,2
-,-,-,Europe,Switzerland,Bern,100,26,1
-,-,-,Europe,Switzerland,Lausanne,1,1,41
-,-,-,Europe,Switzerland,Lausanne,2,1,40
-,-,-,Europe,Switzerland,Lausanne,3,1,39
-,-,-,Europe,Switzerland,Lausanne,4,1,38
-,-,-,Europe,Switzerland,Lausanne,5,1,37
-,-,-,Europe,Switzerland,Lausanne,6,1,36
-,-,-,Europe,Switzerland,Lausanne,7,1,35
-,-,-,Europe,Switzerland,Lausanne,8,1,34
-,-,-,Europe,Switzerland,Lausanne,9,1,33
-,-,-,Europe,Switzerland,Lausanne,10,2,32
-,-,-,Europe,Switzerland,Lausanne,11,2,31
-,-,-,Europe,Switzerland,Lausanne,12,2,30
-,-,-,Europe,Switzerland,Lausanne,13,2,29
-,-,-,Europe,Switzerland,Lausanne,14,2,28
-,-,-,Europe,Switzerland,Lausanne,15,2,27
-,-,-,Europe,Switzerland,Lausanne,16,3,26
-,-,-,Europe,Switzerland,Lausanne,17,3,25
-,-,-,Europe,Switzerland,Lausanne,18,3,24
-,-,-,Europe,Switzerland,Lausanne,19,3,23
-,-,-,Europe,Switzerland,Lausanne,20,3,22
-,-,-,Europe,Switzerland,Lausanne,21,3,21
-,-,-,Europe,Switzerland,Lausanne,22,3,20
-,-,-,Europe,Switzerland,Lausanne,23,3,19
-,-,-,Europe,Switzerland,Lausanne,24,4,18
-,-,-,Europe,Switzerland,Lausanne,25,4,17
-,-,-,Europe,Switzerland,Lausanne,26,4,16
-,-,-,Europe,Switzerland,Lausanne,27,4,15
-,-,-,Europe,Switzerland,Lausanne,28,4,14
-,-,-,Europe,Switzerland,Lausanne,29,5,13
-,-,-,Europe,Switzerland,Lausanne,30,5,12
-,-,-,Europe,Switzerland,Lausanne,31,5,11
-,-,-,Europe,Switzerland,Lausanne,32,6,10
-,-,-,Europe,Switzerland,Lausanne,33,7,9
-,-,-,Europe,Switzerland,Lausanne,34,7,8
-,-,-,Europe,Switzerland,Lausanne,35,9,7
-,-,-,Europe,Switzerland,Lausanne,36,9,6
-,-,-,Europe,Switzerland,Lausanne,37,12,5
-,-,-,Europe,Switzerland,Lausanne,38,15,4
-,-,-,Europe,Switzerland,Lausanne,39,20,3
-,-,-,Europe,Switzerland,Lausanne,40,20,2
-,-,-,Europe,Switzerland,Lausanne,41,21,1
-,-,-,Europe,Switzerland,Geneve,1,1,99
-,-,-,Europe,Switzerland,Geneve,2,1,98
-,-,-,Europe,Switzerland,Geneve,3,1,97
-,-,-,Europe,Switzerland,Geneve,4,1,96
-,-,-,Europe,Switzerland,Geneve,5,1,95
-,-,-,Europe,Switzerland,Geneve,6,1,94
-,-,-,Europe,Switzerland,Geneve,7,1,93
-,-,-,Europe,Switzerland,Geneve,8,1,92
-,-,-,Europe,Switzerland,Geneve,9,1,91
-,-,-,Europe,Switzerland,Geneve,10,1,90
-,-,-,Europe,Switzerland,Geneve,11,1,89
-,-,-,Europe,Switzerland,Geneve,12,1,88
-,-,-,Europe,Switzerland,Geneve,13,1,87
-,-,-,Europe,Switzerland,Geneve,14,1,86
-,-,-,Europe,Switzerland,Geneve,15,1,85
-,-,-,Europe,Switzerland,Geneve,16,1,84
-,-,-,Europe,Switzerland,Geneve,17,1,83
-,-,-,Europe,Switzerland,Geneve,18,1,82
-,-,-,Europe,Switzerland,Geneve,19,1,81
-,-,-,Europe,Switzerland,Geneve,20,1,80
-,-,-,Europe,Switzerland,Geneve,21,2,79
-,-,-,Europe,Switzerland,Geneve,22,2,78
-,-,-,Europe,Switzerland,Geneve,23,2,77
-,-,-,Europe,Switzerland,Geneve,24,2,76
-,-,-,Europe,Switzerland,Geneve,25,2,75
-,-,-,Europe,Switzerland,Geneve,26,2,74
-,-,-,Europe,Switzerland,Geneve,27,2,73
-,-,-,Europe,Switzerland,Geneve,28,2,72
-,-,-,Europe,Switzerland,Geneve,29,2,71
-,-,-,Europe,Switzerland,Geneve,30,2,70
-,-,-,Europe,Switzerland,Geneve,31,2,69
-,-,-,Europe,Switzerland,Geneve,32,2,68
-,-,-,Europe,Switzerland,Geneve,33,2,67
-,-,-,Europe,Switzerland,Geneve,34,2,66
-,-,-,Europe,Switzerland,Geneve,35,2,65
-,-,-,Europe,Switzerland,Geneve,36,2,64
-,-,-,Europe,Switzerland,Geneve,37,2,63
-,-,-,Europe,Switzerland,Geneve,38,2,62
-,-,-,Europe,Switzerland,Geneve,39,2,61
-,-,-,Europe,Switzerland,Geneve,40,2,60
-,-,-,Europe,Switzerland,Geneve,41,2,59
-,-,-,Europe,Switzerland,Geneve,42,2,58
-,-,-,Europe,Switzerland,Geneve,43,3,57
-,-,-,Europe,Switzerland,Geneve,44,3,56
-,-,-,Europe,Switzerland,Geneve,45,3,55
-,-,-,Europe,Switzerland,Geneve,46,3,54
-,-,-,Europe,Switzerland,Geneve,47,3,53
-,-,-,Europe,Switzerland,Geneve,48,3,52
-,-,-,Europe,Switzerland,Geneve,49,3,51
-,-,-,Europe,Switzerland,Geneve,50,3,50
-,-,-,Europe,Switzerland,Geneve,51,3,49
-,-,-,Europe,Switzerland,Geneve,52,3,48
-,-,-,Europe,Switzerland,Geneve,53,3,47
-,-,-,Europe,Switzerland,Geneve,54,3,46
-,-,-,Europe,Switzerland,Geneve,55,3,45
-,-,-,Europe,Switzerland,Geneve,56,3,44
-,-,-,Europe,Switzerland,Geneve,57,3,43
-,-,-,Europe,Switzerland,Geneve,58,3,42
-,-,-,Europe,Switzerland,Geneve,59,3,41
-,-,-,Europe,Switzerland,Geneve,60,3,40
-,-,-,Europe,Switzerland,Geneve,61,3,39
-,-,-,Europe,Switzerland,Geneve,62,4,38
-,-,-,Europe,Switzerland,Geneve,63,4,37
-,-,-,Europe,Switzerland,Geneve,64,4,36
-,-,-,Europe,Switzerland,Geneve,65,4,35
-,-,-,Europe,Switzerland,Geneve,66,4,34
-,-,-,Europe,Switzerland,Geneve,67,4,33
-,-,-,Europe,Switzerland,Geneve,68,4,32
-,-,-,Europe,Switzerland,Geneve,69,5,31
-,-,-,Europe,Switzerland,Geneve,70,5,30
-,-,-,Europe,Switzerland,Geneve,71,5,29
-,-,-,Europe,Switzerland,Geneve,72,5,28
-,-,-,Europe,Switzerland,Geneve,73,5,27
-,-,-,Europe,Switzerland,Geneve,74,5,26
-,-,-,Europe,Switzerland,Geneve,75,5,25
-,-,-,Europe,Switzerland,Geneve,76,5,24
-,-,-,Europe,Switzerland,Geneve,77,6,23
-,-,-,Europe,Switzerland,Geneve,78,7,22
-,-,-,Europe,Switzerland,Geneve,79,7,21
-,-,-,Europe,Switzerland,Geneve,80,7,20
-,-,-,Europe,Switzerland,Geneve,81,7,19
-,-,-,Europe,Switzerland,Geneve,82,8,18
-,-,-,Europe,Switzerland,Geneve,83,9,17
-,-,-,Europe,Switzerland,Geneve,84,9,16
-,-,-,Europe,Switzerland,Geneve,85,9,15
-,-,-,Europe,Switzerland,Geneve,86,9,14
-,-,-,Europe,Switzerland,Geneve,87,10,13
-,-,-,Europe,Switzerland,Geneve,88,10,12
-,-,-,Europe,Switzerland,Geneve,89,10,11
-,-,-,Europe,Switzerland,Geneve,90,12,10
-,-,-,Europe,Switzerland,Geneve,91,12,9
-,-,-,Europe,Switzerland,Geneve,92,13,8
-,-,-,Europe,Switzerland,Geneve,93,13,7
-,-,-,Europe,Switzerland,Geneve,94,14,6
-,-,-,Europe,Switzerland,Geneve,95,15,5
-,-,-,Europe,Switzerland,Geneve,96,18,4
-,-,-,Europe,Switzerland,Geneve,97,71,3
-,-,-,Europe,Switzerland,Geneve,98,137,2
-,-,-,Europe,Switzerland,Geneve,99,250,1
-,-,-,Europe,France,Paris,1,1,245
-,-,-,Europe,France,Paris,2,1,244
-,-,-,Europe,France,Paris,3,1,243
-,-,-,Europe,France,Paris,4,1,242
-,-,-,Europe,France,Paris,5,1,241
-,-,-,Europe,France,Paris,6,1,240
-,-,-,Europe,France,Paris,7,1,239
-,-,-,Europe,France,Paris,8,1,238
-,-,-,Europe,France,Paris,9,1,237
-,-,-,Europe,France,Paris,10,1,236
-,-,-,Europe,France,Paris,11,1,235
-,-,-,Europe,France,Paris,12,1,234
-,-,-,Europe,France,Paris,13,1,233
-,-,-,Europe,France,Paris,14,1,232
-,-,-,Europe,France,Paris,15,1,231
-,-,-,Europe,France,Paris,16,1,230
-,-,-,Europe,France,Paris,17,1,229
-,-,-,Europe,France,Paris,18,1,228
-,-,-,Europe,France,Paris,19,1,227
-,-,-,Europe,France,Paris,20,1,226
-,-,-,Europe,France,Paris,21,1,225
-,-,-,Europe,France,Paris,22,1,224
-,-,-,Europe,France,Paris,23,2,223
-,-,-,Europe,France,Paris,24,2,222
-,-,-,Europe,France,Paris,25,2,221
-,-,-,Europe,France,Paris,26,2,220
-,-,-,Europe,France,Paris,27,2,219
-,-,-,Europe,France,Paris,28,2,218
-,-,-,Europe,France,Paris,29,2,217
-,-,-,Europe,France,Paris,30,2,216
-,-,-,Europe,France,Paris,31,2,215
-,-,-,Europe,France,Paris,32,2,214
-,-,-,Europe,France,Paris,33,2,213
-,-,-,Europe,France,Paris,34,2,212
-,-,-,Europe,France,Paris,35,2,211
-,-,-,Europe,France,Paris,36,2,210
-,-,-,Europe,France,Paris,37,2,209
-,-,-,Europe,France,Paris,38,2,208
-,-,-,Europe,France,Paris,39,2,207
-,-,-,Europe,France,Paris,40,2,206
-,-,-,Europe,France,Paris,41,2,205
-,-,-,Europe,France,Paris,42,2,204
-,-,-,Europe,France,Paris,43,2,203
-,-,-,Europe,France,Paris,44,2,202
-,-,-,Europe,France,Paris,45,2,201
-,-,-,Europe,France,Paris,46,2,200
-,-,-,Europe,France,Paris,47,2,199
-,-,-,Europe,France,Paris,48,2,198
-,-,-,Europe,France,Paris,49,2,197
-,-,-,Europe,France,Paris,50,2,196
-,-,-,Europe,France,Paris,51,2,195
-,-,-,Europe,France,Paris,52,2,194
-,-,-,Europe,France,Paris,53,2,193
-,-,-,Europe,France,Paris,54,2,192
-,-,-,Europe,France,Paris,55,2,191
-,-,-,Europe,France,Paris,56,2,190
-,-,-,Europe,France,Paris,57,2,189
-,-,-,Europe,France,Paris,58,2,188
-,-,-,Europe,France,Paris,59,2,187
-,-,-,Europe,France,Paris,60,2,186
-,-,-,Europe,France,Paris,61,2,185
-,-,-,Europe,France,Paris,62,2,184
-,-,-,Europe,France,Paris,63,2,183
-,-,-,Europe,France,Paris,64,2,182
-,-,-,Europe,France,Paris,65,2,181
-,-,-,Europe,France,Paris,66,3,180
-,-,-,Europe,France,Paris,67,3,179
-,-,-,Europe,France,Paris,68,3,178
-,-,-,Europe,France,Paris,69,3,177
-,-,-,Europe,France,Paris,70,3,176
-,-,-,Europe,France,Paris,71,3,175
-,-,-,Europe,France,Paris,72,3,174
-,-,-,Europe,France,Paris,73,3,173
-,-,-,Europe,France,Paris,74,3,172
-,-,-,Europe,France,Paris,75,3,171
-,-,-,Europe,France,Paris,76,3,170
-,-,-,Europe,France,Paris,77,3,169
-,-,-,Europe,France,Paris,78,3,168
-,-,-,Europe,France,Paris,79,3,167
-,-,-,Europe,France,Paris,80,3,166
-,-,-,Europe,France,Paris,81,3,165
-,-,-,Europe,France,Paris,82,3,164
-,-,-,Europe,France,Paris,83,3,163
-,-,-,Europe,France,Paris,84,3,162
-,-,-,Europe,France,Paris,85,3,161
-,-,-,Europe,France,Paris,86,3,160
-,-,-,Europe,France,Paris,87,3,159
-,-,-,Europe,France,Paris,88,3,158
-,-,-,Europe,France,Paris,89,3,157
-,-,-,Europe,France,Paris,90,3,156
-,-,-,Europe,France,Paris,91,3,155
-,-,-,Europe,France,Paris,92,3,154
-,-,-,Europe,France,Paris,93,3,153
-,-,-,Europe,France,Paris,94,3,152
-,-,-,Europe,France,Paris,95,4,151
-,-,-,Europe,France,Paris,96,4,150
-,-,-,Europe,France,Paris,97,4,149
-,-,-,Europe,France,Paris,98,4,148
-,-,-,Europe,France,Paris,99,4,147
-,-,-,Europe,France,Paris,100,4,146
-,-,-,Europe,France,Paris,101,4,145
-,-,-,Europe,France,Paris,102,4,144
-,-,-,Europe,France,Paris,103,4,143
-,-,-,Europe,France,Paris,104,4,142
-,-,-,Europe,France,Paris,105,4,141
-,-,-,Europe,France,Paris,106,4,140
-,-,-,Europe,France,Paris,107,4,139
-,-,-,Europe,France,Paris,108,4,138
-,-,-,Europe,France,Paris,109,4,137
-,-,-,Europe,France,Paris,110,4,136
-,-,-,Europe,France,Paris,111,4,135
-,-,-,Europe,France,Paris,112,4,134
-,-,-,Europe,France,Paris,113,4,133
-,-,-,Europe,France,Paris,114,4,132
-,-,-,Europe,France,Paris,115,4,131
-,-,-,Europe,France,Paris,116,4,130
-,-,-,Europe,France,Paris,117,4,129
-,-,-,Europe,France,Paris,118,4,128
-,-,-,Europe,France,Paris,119,4,127
-,-,-,Europe,France,Paris,120,4,126
-,-,-,Europe,France,Paris,121,4,125
-,-,-,Europe,France,Paris,122,4,124
-,-,-,Europe,France,Paris,123,4,123
-,-,-,Europe,France,Paris,124,4,122
-,-,-,Europe,France,Paris,125,4,121
-,-,-,Europe,France,Paris,126,4,120
-,-,-,Europe,France,Paris,127,4,119
-,-,-,Europe,France,Paris,128,5,118
-,-,-,Europe,France,Paris,129,5,117
-,-,-,Europe,France,Paris,130,5,116
-,-,-,Europe,France,Paris,131,5,115
-,-,-,Europe,France,Paris,132,5,114
-,-,-,Europe,France,Paris,133,5,113
-,-,-,Europe,France,Paris,134,5,112
-,-,-,Europe,France,Paris,135,5,111
-,-,-,Europe,France,Paris,136,5,110
-,-,-,Europe,France,Paris,137,5,109
-,-,-,Europe,France,Paris,138,5,108
-,-,-,Europe,France,Paris,139,5,107
-,-,-,Europe,France,Paris,140,5,106
-,-,-,Europe,France,Paris,141,5,105
-,-,-,Europe,France,Paris,142,5,104
-,-,-,Europe,France,Paris,143,5,103
-,-,-,Europe,France,Paris,144,5,102
-,-,-,Europe,France,Paris,145,6,101
-,-,-,Europe,France,Paris,146,6,100
-,-,-,Europe,France,Paris,147,6,99
-,-,-,Europe,France,Paris,148,6,98
-,-,-,Europe,France,Paris,149,6,97
-,-,-,Europe,France,Paris,150,6,96
-,-,-,Europe,France,Paris,151,6,95
-,-,-,Europe,France,Paris,152,6,94
-,-,-,Europe,France,Paris,153,6,93
-,-,-,Europe,France,Paris,154,6,92
-,-,-,Europe,France,Paris,155,6,91
-,-,-,Europe,France,Paris,156,6,90
-,-,-,Europe,France,Paris,157,6,89
-,-,-,Europe,France,Paris,158,6,88
-,-,-,Europe,France,Paris,159,6,87
-,-,-,Europe,France,Paris,160,7,86
-,-,-,Europe,France,Paris,161,7,85
-,-,-,Europe,France,Paris,162,7,84
-,-,-,Europe,France,Paris,163,7,83
-,-,-,Europe,France,Paris,164,7,82
-,-,-,Europe,France,Paris,165,7,81
-,-,-,Europe,France,Paris,166,7,80
-,-,-,Europe,France,Paris,167,7,79
-,-,-,Europe,France,Paris,168,7,78
-,-,-,Europe,France,Paris,169,7,77
-,-,-,Europe,France,Paris,170,7,76
-,-,-,Europe,France,Paris,171,7,75
-,-,-,Europe,France,Paris,172,7,74
-,-,-,Europe,France,Paris,173,7,73
-,-,-,Europe,France,Paris,174,7,72
-,-,-,Europe,France,Paris,175,8,71
-,-,-,Europe,France,Paris,176,8,70
-,-,-,Europe,France,Paris,177,8,69
-,-,-,Europe,France,Paris,178,8,68
-,-,-,Europe,France,Paris,179,8,67
-,-,-,Europe,France,Paris,180,8,66
-,-,-,Europe,France,Paris,181,8,65
-,-,-,Europe,France,Paris,182,8,64
-,-,-,Europe,France,Paris,183,8,63
-,-,-,Europe,France,Paris,184,8,62
-,-,-,Europe,France,Paris,185,9,61
-,-,-,Europe,France,Paris,186,9,60
-,-,-,Europe,France,Paris,187,9,59
-,-,-,Europe,France,Paris,188,9,58
-,-,-,Europe,France,Paris,189,9,57
-,-,-,Europe,France,Paris,190,9,56
-,-,-,Europe,France,Paris,191,9,55
-,-,-,Europe,France,Paris,192,9,54
-,-,-,Europe,France,Paris,193,9,53
-,-,-,Europe,France,Paris,194,11,52
-,-,-,Europe,France,Paris,195,11,51
-,-,-,Europe,France,Paris,196,11,50
-,-,-,Europe,France,Paris,197,11,49
-,-,-,Europe,France,Paris,198,11,48
-,-,-,Europe,France,Paris,199,11,47
-,-,-,Europe,France,Paris,200,11,46
-,-,-,Europe,France,Paris,201,11,45
-,-,-,Europe,France,Paris,202,11,44
-,-,-,Europe,France,Paris,203,11,43
-,-,-,Europe,France,Paris,204,11,42
-,-,-,Europe,France,Paris,205,11,41
-,-,-,Europe,France,Paris,206,12,40
-,-,-,Europe,France,Paris,207,12,39
-,-,-,Europe,France,Paris,208,12,38
-,-,-,Europe,France,Paris,209,12,37
-,-,-,Europe,France,Paris,210,12,36
-,-,-,Europe,France,Paris,211,14,35
-,-,-,Europe,France,Paris,212,14,34
-,-,-,Europe,France,Paris,213,14,33
-,-,-,Europe,France,Paris,214,14,32
-,-,-,Europe,France,Paris,215,14,31
-,-,-,Europe,France,Paris,216,15,30
-,-,-,Europe,France,Paris,217,15,29
-,-,-,Europe,France,Paris,218,15,28
-,-,-,Europe,France,Paris,219,16,27
-,-,-,Europe,France,Paris,220,18,26
-,-,-,Europe,France,Paris,221,19,25
-,-,-,Europe,France,Paris,222,21,24
-,-,-,Europe,France,Paris,223,21,23
-,-,-,Europe,France,Paris,224,23,22
-,-,-,Europe,France,Paris,225,23,21
-,-,-,Europe,France,Paris,226,23,20
-,-,-,Europe,France,Paris,227,24,19
-,-,-,Europe,France,Paris,228,24,18
-,-,-,Europe,France,Paris,229,26,17
-,-,-,Europe,France,Paris,230,28,16
-,-,-,Europe,France,Paris,231,30,15
-,-,-,Europe,France,Paris,232,31,14
-,-,-,Europe,France,Paris,233,34,13
-,-,-,Europe,France,Paris,234,39,12
-,-,-,Europe,France,Paris,235,39,11
-,-,-,Europe,France,Paris,236,53,10
-,-,-,Europe,France,Paris,237,53,9