Article_ID,Title,Year,Journal,Publisher,Link,DOI,Total abundance wild bees reported,Honey bee abundance reported,Abundance per wild bee species,Select proportion,Select RAD,Comment
A1,Floral species evenness is the major driver of wild bee communities in urban gardens,2023,Urban Ecosystems,Springer,https://link.springer.com/article/10.1007/s11252-023-01440-x#citeas,https://doi.org/10.1007/s11252-023-01440-x,YES,YES,YES,YES,YES,
A2,Bee visitation to flowers throughout New York City,2023,Landscape and Urban …,Elsevier,https://doi.org/10.1016/j.landurbplan.2023.104689,https://doi.org/10.1016/j.landurbplan.2023.104689,YES,YES,NO,YES,NO,
A3,Decline in wild bee species richness associated with honey bee (Apis mellifera L.) abundance in an urban ecosystem,2023,PeerJ,peerj.com,https://peerj.com/articles/14699/,https://doi.org/10.7717/peerj.14699,YES,YES,YES,YES,YES,
A4,BYO Bees: Managing wild bee biodiversity in urban greenspaces,2023,Plos one,journals.plos.org,https://journals.plos.org/plosone/article?id=10.1371/journal.pone.0281468,https://doi.org/10.1371/journal.pone.0281468,YES,YES,YES,YES,YES,
A5,Urban landscapes affect wild bee maternal investment and body size,2023,Urban …,Springer,https://link.springer.com/article/10.1007/s11252-023-01378-0,10.1007/s11252-023-01378-0,NO,NO,NO,NO,NO,
A6,Local and landscape factors influence plant-pollinator networks and bee foraging behavior across an urban corridor,2023,Land,mdpi.com,https://www.mdpi.com/2073-445X/12/2/362,,YES,NO,YES,NO,NO,
A7,Urban bee functional groups response to landscape context in the Southeastern US,2023,… in Sustainable Cities,frontiersin.org,https://www.frontiersin.org/articles/10.3389/frsc.2023.1192588/full,10.3389/frsc.2023.1192588,YES,YES,YES,NO,NO,Data published in another paper: https://link.springer.com/article/10.1007/s10841-022-00402-6#Sec16
A8,Wild bee surveys across 60 years reveal remarkable reduction of bee abundance in urban green areas in northern Japan,2023,Ecological …,Wiley Online Library,https://esj-journals.onlinelibrary.wiley.com/doi/abs/10.1111/1440-1703.12416,10.1111/1440-1703.12416,NO,NO,NO,NO,NO,
A9,Honey bee foraging and pesticide exposure in a desert urban agroecosystem,2023,… and Environmental Safety,Elsevier,https://www.sciencedirect.com/science/article/pii/S0147651322013124,,NO,NO,NO,NO,NO,
A10,Urbanization and abundance of floral resources affect bee communities in medium_sized neotropical cities,2023,Austral …,Wiley Online Library,https://onlinelibrary.wiley.com/doi/abs/10.1111/aec.13299,10.1111/aec.13299,YES,YES,YES,YES,YES,
A11,Next Generation Sequencing of Bee Gut Microbiota in Urban and Rural Environments,2023,Diversity,mdpi.com,https://www.mdpi.com/1424-2818/15/9/1016,,NO,NO,NO,NO,NO,
A12,Bee–plant interaction and community response along an urbanization gradient,2023,Journal of Urban Ecology,academic.oup.com,https://academic.oup.com/jue/article-abstract/9/1/juad006/7180953,https://doi.org/10.1093/jue/juad006,YES,YES,YES,YES,YES,
A13,Vegetation complexity and nesting resource availability predict bee diversity and functional traits in community gardens,2023,Ecological …,Wiley Online Library,https://esajournals.onlinelibrary.wiley.com/doi/abs/10.1002/eap.2759,https://doi.org/10.1002/eap.2759,YES,NO,YES,?,? ,
A14,Physiochemical parameters of Apis cerana indica honey as an indicator of bee nutritional status in an anthropogenically managed urban habitat,2023,International Journal of Tropical Insect Science,Springer,https://link.springer.com/article/10.1007/s42690-022-00910-7,10.1007/s42690-022-00910-7,NO,NO,NO,NO,NO,
A15,Urban development reduces bee abundance and diversity,2023,Urban Ecosystems,Springer,https://link.springer.com/article/10.1007/s11252-023-01393-1,10.1007/s11252-023-01393-1,YES,NO,YES,NO,NO,
A16,Integrative population genetics and metagenomics reveals urbanization increases pathogen loads and decreases connectivity in a wild bee,2023,Global Change …,Wiley Online Library,https://onlinelibrary.wiley.com/doi/abs/10.1111/gcb.16757,10.1111/gcb.16757,NO,NO,NO,NO,NO,
A17,Time optimization of urban arterial coordinated control based on multidimensional neighbourhood artificial bee colony algorithm,2023,Transportation Planning and …,Taylor &Francis,https://www.tandfonline.com/doi/abs/10.1080/03081060.2023.2246959,10.1080/03081060.2023.2246959,NO,NO,NO,NO,NO,
A18,Canopy sampling reveals hidden potential value of woodland trees for wild bee assemblages,2023,Insect Conservation and Diversity,Wiley Online Library,https://resjournals.onlinelibrary.wiley.com/doi/abs/10.1111/icad.12606,10.1111/icad.12606,NO,NO,NO,NO,NO,
A19,Concentration of essential and non-essential elements and carcinogenic/non-carcinogenic health risk assessment of commercial bee pollens from Turkey,2023,Journal of Trace Elements in …,Elsevier,https://www.sciencedirect.com/science/article/pii/S0946672X22001845,,NO,NO,NO,NO,NO,
A20,Plant–bee interactions and resource utilisation in an urban landscape,2022,Urban Ecosystems,Springer,https://link.springer.com/article/10.1007/s11252-022-01290-z,10.1007/s11252-022-01290-z,NO,NO,NO,NO,NO,
A21,A large-scale dataset reveals taxonomic and functional specificities of wild bee communities in urban habitats of Western Europe,2022,Scientific Reports,nature.com,https://www.nature.com/articles/s41598-022-21512-w,,NO,NO,NO,NO,NO,
A22,Scale-dependent effects of landscape context on urban bee diversity,2022,Journal of Insect …,Springer,https://link.springer.com/article/10.1007/s10841-022-00402-6,10.1007/s10841-022-00402-6,YES,YES,YES,YES,YES,
A23,Multi-Source Time Series Remote Sensing Feature Selection and Urban Forest Extraction Based on Improved Artificial Bee Colony,2022,Remote Sensing,mdpi.com,https://www.mdpi.com/2072-4292/14/19/4859,,NO,NO,NO,NO,NO,
A24,Anthropogenic influences on bee foraging,2022,Science,science.org,https://www.science.org/doi/abs/10.1126/science.abn0185,10.1126/science.abn0185,NO,NO,NO,NO,NO,
A25,High resolution prediction maps of solitary bee diversity can guide conservation measures,2022,Landscape and Urban …,Elsevier,https://www.sciencedirect.com/science/article/pii/S0169204621002309,,NO,NO,NO,NO,NO,
A26,Ecology based network traffic control: A bee colony optimization approach,2022,… Applications of Artificial …,Elsevier,https://www.sciencedirect.com/science/article/pii/S0952197622003244,,NO,NO,NO,NO,NO,
A27,"Social reproduction, playful work, and bee-centred beekeeping",2022,Agriculture and Human Values,Springer,https://link.springer.com/article/10.1007/s10460-022-10319-0,10.1007/s10460-022-10319-0,NO,NO,NO,NO,NO,
A28,Wild bee larval food composition in five European cities,2022,,Wiley Online Library,https://esajournals.onlinelibrary.wiley.com/doi/abs/10.1002/ecy.3740,10.1002/ecy.3740,NO,NO,NO,NO,NO,
A29,"… the Tropical Stingless Bee (Apidae, Meliponini, and Heterotrigona itama) Honey Quality with Hives Distance to the Source of Heavy Metal Pollution in Urban …",2022,Journal of …,hindawi.com,https://www.hindawi.com/journals/jt/2022/4478082/,,NO,NO,NO,NO,NO,
A30,Is the flight and foraging activity of small-size stingless bee affected by the urban heat island? The case of Plebeia catamarcensis (Meliponini) in Cordoba city …,2022,Journal of Apicultural …,Taylor &Francis,https://www.tandfonline.com/doi/abs/10.1080/00218839.2022.2110431,10.1080/00218839.2022.2110431,NO,NO,NO,NO,NO,
A31,Ornamental roses for conservation of leafcutter bee pollinators,2022,Scientific Reports,nature.com,https://www.nature.com/articles/s41598-022-23041-y,,NO,NO,NO,NO,NO,
A32,Bee functional groups respond to vegetation cover and landscape diversity in a Brazilian metropolis,2022,Landscape Ecology,Springer,https://link.springer.com/article/10.1007/s10980-022-01430-y,10.1007/s10980-022-01430-y,YES,NO,YES,NO,NO,
A33,Statistical evidence that honeybees competitively reduced wild bee abundance in the Munich Botanic Garden in 2020 compared to 2019,2022,Oecologia,Springer,https://link.springer.com/article/10.1007/s00442-022-05113-y,10.1007/s00442-022-05113-y,NO,NO,NO,NO,NO,
A34,Systematic review on the non-vectorial transmission of Tick-borne encephalitis virus (TBEv),2022,Ticks and Tick-borne …,Elsevier,https://www.sciencedirect.com/science/article/pii/S1877959X22001303,,NO,NO,NO,NO,NO,
A35,The potential consequences of 'bee washing'on wild bee health and conservation,2022,International Journal for Parasitology: Parasites and …,Elsevier,https://www.sciencedirect.com/science/article/pii/S221322442200030X,,NO,NO,NO,NO,NO,
A36,"Stingless bee resources during reforestation of the Atlantic domain of Rio De Janeiro city, Brazil",2022,Journal of Apicultural Research,Taylor &Francis,https://www.tandfonline.com/doi/abs/10.1080/00218839.2022.2028386,10.1080/00218839.2022.2028386,NO,NO,NO,NO,NO,
A37,The bees of Singapore (Hymenoptera: Apoidea: Anthophila): First comprehensive country checklist and conservation assessment for a Southeast Asian bee …,2022,Raffles Bulletin of …,lkcnhm.nus.edu.sg,https://lkcnhm.nus.edu.sg/wp-content/uploads/sites/10/2022/01/RBZ-2022-0004.pdf,,NO,NO,NO,NO,NO,
A38,"Interactions between the introduced European honey bee and native bees in urban areas varies by year, habitat type and native bee guild",2021,Biological Journal of the …,academic.oup.com,https://academic.oup.com/biolinnean/article-abstract/133/3/725/6211042,10.1093/biolinnean/blab024,YES,YES,YES,YES,NO,
A39,The importance of wild bee communities as urban pollinators and the influence of honeybee hive density,2021,Journal of Pollination …,pollinationecology.org,https://www.pollinationecology.org/index.php/jpe/article/view/641,,NO,NO,NO,NO,NO,
A40,"Body Size Variation in a Social Sweat Bee, Halictus ligatus (Halictidae, Apoidea), across Urban Environments",2021,Insects,mdpi.com,https://www.mdpi.com/2075-4450/12/12/1086,,NO,NO,NO,NO,NO,
A41,What's in a name? Challenging the commodification of pollination through the diverse economies of'Bee Cities',2021,Journal of …,journals.librarypublishing.arizona …,https://journals.librarypublishing.arizona.edu/jpe/article/2307/galley/2503/download/,,NO,NO,NO,NO,NO,
A42,Smart Bee Houses: Designing to Support Urban Pollination,2021,Proceedings of the Eight International Conference on …,dl.acm.org,https://dl.acm.org/doi/abs/10.1145/3493842.3493894,10.1145/3493842.3493894,NO,NO,NO,NO,NO,
A43,Opposing pressures of climate and land_use change on a native bee,2021,Global Change Biology,Wiley Online Library,https://onlinelibrary.wiley.com/doi/abs/10.1111/gcb.15468,10.1111/gcb.15468,NO,NO,NO,NO,NO,
A44,How protection of honey bees can help and hinder bee conservation,2021,Current Opinion in Insect Science,Elsevier,https://www.sciencedirect.com/science/article/pii/S2214574521000584,,NO,NO,NO,NO,NO,
A45,Levels of polychlorinated biphenyls (PCBs) in honeybees and bee products and their evaluation with ambient air concentrations,2021,Atmospheric Environment,Elsevier,https://www.sciencedirect.com/science/article/pii/S1352231020306373,,NO,NO,NO,NO,NO,
A46,"Nesting, sex ratio and natural enemies of the giant resin bee in relation to native species in Europe",2021,Insects,mdpi.com,https://www.mdpi.com/2075-4450/12/6/545,,NO,NO,NO,NO,NO,
A47,"Potential of stingless bee farm for agriculturally based urban community development in Bandung, West Java",2021,E3S Web of Conferences,e3s-conferences.org,https://www.e3s-conferences.org/articles/e3sconf/abs/2021/82/e3sconf_icadai21_02048/e3sconf_icadai21_02048.html,,NO,NO,NO,NO,NO,
A48,CSI pollen: diversity of honey bee collected pollen studied by citizen scientists,2021,Insects,mdpi.com,https://www.mdpi.com/2075-4450/12/11/987,,NO,NO,NO,NO,NO,
A49,"Nesting behavior of the oil-collecting bee Epicharis (Triepicharis) analis Lepeletier (Hymenoptera: Apidae) in an urban area of Rio de Janeiro, RJ, Brazil",2021,Journal of Apicultural Research,Taylor &Francis,https://www.tandfonline.com/doi/abs/10.1080/00218839.2020.1820150,10.1080/00218839.2020.1820150,NO,NO,NO,NO,NO,
A50,"Memes, brands and the politics of post-terror togetherness: following the Manchester bee after the 2017 Manchester Arena bombing",2021,"Information, Communication &Society",Taylor &Francis,https://www.tandfonline.com/doi/abs/10.1080/1369118X.2021.1942957,10.1080/1369118X.2021.1942957,NO,NO,NO,NO,NO,
A51,Wild bee functional diversity and plant associations in native and conventional plant nurseries,2021,Ecological Entomology,Wiley Online Library,https://resjournals.onlinelibrary.wiley.com/doi/abs/10.1111/een.13074,10.1111/een.13074,NO,NO,NO,NO,NO,
A52,The importance of forests in bumble bee biology and conservation,2021,Bioscience,academic.oup.com,https://academic.oup.com/bioscience/article-abstract/71/12/1234/6427255,,NO,NO,NO,NO,NO,
A53,Understanding honey bee forage requirements and the impacts of urban hives on wild bees,2021,,yorkspace.library.yorku.ca,https://yorkspace.library.yorku.ca/xmlui/handle/10315/38436,,NO,NO,NO,NO,NO,
A54,Bee hotels host a high abundance of exotic bees in an urban context,2020,Acta Oecologica,Elsevier,https://www.sciencedirect.com/science/article/pii/S1146609X20300485,,NO,NO,NO,NO,NO,
A55,A “plan bee” for cities: Pollinator diversity and plant-pollinator interactions in urban green spaces,2020,PLoS One,journals.plos.org,https://journals.plos.org/plosone/article?id=10.1371/journal.pone.0235492,,NO,NO,NO,NO,NO,
A56,"Urban fragmentation leads to lower floral diversity, with knock-on impacts on bee biodiversity",2020,Scientific Reports,https://doi.org/10.1038/s41598-020-78736-x,https://www.nature.com/articles/s41598-020-78736-x,,YES,YES,YES,YES,NO,
A57,Bee community response to local and landscape factors along an urban-rural gradient,2020,Urban Ecosystems,Springer,https://link.springer.com/article/10.1007/s11252-020-00956-w,10.1007/s11252-020-00956-w,YES,YES,YES,YES,YES,
A58,Bee species decrease and increase between the 1990s and 2018 in large urban protected sites,2020,Journal of Insect Conservation,Springer,https://link.springer.com/article/10.1007/s10841-020-00238-y,10.1007/s10841-020-00238-y,NO,NO,NO,NO,NO,
A59,Domestic gardens mitigate risk of exposure of pollinators to pesticides—An urban-rural case study using a Red Mason Bee species for biomonitoring,2020,Sustainability,mdpi.com,https://www.mdpi.com/2071-1050/12/22/9427,,NO,NO,NO,NO,NO,
A60,Functional ecology of wild bees in cities: towards a better understanding of trait-urbanization relationships,2020,Biodiversity and Conservation,Springer,https://link.springer.com/article/10.1007/s10531-020-02003-8,10.1007/s10531-020-02003-8,NO,NO,NO,NO,NO,
A61,Effect of environmental heavy metals on the expression of detoxification-related genes in honey bee Apis mellifera,2020,Apidologie,Springer,https://link.springer.com/article/10.1007/s13592-020-00751-8,10.1007/s13592-020-00751-8,NO,NO,NO,NO,NO,
A62,Characterizing the floral resources of a North American metropolis using a honey bee foraging assay,2020,Ecosphere,Wiley Online Library,https://esajournals.onlinelibrary.wiley.com/doi/abs/10.1002/ecs2.3102,10.1002/ecs2.3102,NO,NO,NO,NO,NO,
A63,Opportunities and threats for pollinator conservation in global towns and cities,2020,Current opinion in insect science,Elsevier,https://www.sciencedirect.com/science/article/pii/S2214574520300201,,NO,NO,NO,NO,NO,
A64,Partitioning of bee diversity at a small spatial scale in an urban arboretum,2020,Southeastern …,BioOne,https://bioone.org/journals/Southeastern-Naturalist/volume-19/issue-1/058.019.0103/Partitioning-of-Bee-Diversity-at-a-Small-Spatial-Scale-in/10.1656/058.019.0103.short,10.1656/058.019.0103.short,NO,NO,NO,NO,NO,
A65,"Effects of diseases and pests on honey bee (Apis mellifera) in different parts in Baghdad city, Iraq",2020,Plant Archives,plantarchives.org,http://www.plantarchives.org/SPECIAL%20ISSUE%2020-1/44__220-223_.pdf,,NO,NO,NO,NO,NO,
A66,"Environment Shapes the Microbiome of the Blue Orchard Bee, Osmia lignaria RRH: Environmental Drivers of Bee Microbiome",2020,Microbial ecology,Springer,https://link.springer.com/article/10.1007/s00248-020-01549-y,10.1007/s00248-020-01549-y,NO,NO,NO,NO,NO,
A67,Influence of nesting characteristics on health of wild bee communities,2020,Annual Review of Entomology,annualreviews.org,https://www.annualreviews.org/doi/abs/10.1146/annurev-ento-011019-024955,10.1146/annurev-ento-011019-024955,NO,NO,NO,NO,NO,
A68,Bee,2020,Manchester,manchesterhive.com,https://www.manchesterhive.com/view/9781526144133/9781526144133.00065.xml,,NO,NO,NO,NO,NO,
A69,Urban native bee assemblages and the impact of the introduced European honeybee on plant-pollinator networks in the southwest Australian biodiversity hotspot,2020,,espace.curtin.edu.au,https://espace.curtin.edu.au/handle/20.500.11937/84947,,NO,NO,NO,NO,NO,
A70,How to bee,2020,,Groundwood Books Ltd,,,NO,NO,NO,NO,NO,
A71,Costbenefit analysis of bee Jay Bakau resort probolinggo mangrove ecotourism management,2020,"Ecology, Environment …",envirobiotechjournals.com,http://www.envirobiotechjournals.com/EEC/FebSupplIssue2020/EEC-10.pdf,,NO,NO,NO,NO,NO,
A72,Public transport analyzing using bee colony,2020,2020 43rd International Convention …,ieeexplore.ieee.org,https://ieeexplore.ieee.org/abstract/document/9245432/,,NO,NO,NO,NO,NO,
A73,"Land cover composition, local plant community composition and honeybee colony density affect wild bee species assemblages in a Mediterranean …",2020,Acta Oecologica,Elsevier,https://www.sciencedirect.com/science/article/pii/S1146609X20300382,,NO,NO,NO,NO,NO,
A74,Global trends in bumble bee health,2020,Annual review of entomology,annualreviews.org,https://www.annualreviews.org/doi/abs/10.1146/annurev-ento-011118-111847,10.1146/annurev-ento-011118-111847,NO,NO,NO,NO,NO,
A75,"Room temperature solvent extraction for simple and fast determination of total concentration of Ca, Cu, Fe, Mg, Mn, and Zn in bee pollen by FAAS along with …",2020,Journal of Trace …,Elsevier,https://www.sciencedirect.com/science/article/pii/S0946672X20300444,,NO,NO,NO,NO,NO,
A76,Does urbanization favour exotic bee species? Implications for the conservation of native bees in cities,2019,Biology …,royalsocietypublishing.org,https://royalsocietypublishing.org/doi/abs/10.1098/rsbl.2019.0574,10.1098/rsbl.2019.0574,YES,YES,YES,YES,YES,
A77,Wild pollinator activity negatively related to honey bee colony densities in urban context,2019,PloS one,journals.plos.org,https://journals.plos.org/plosone/article?id=10.1371/journal.pone.0222316&fbclid=IwAR3JkNbdstnkr5rhXCJva1I0kuvOCpuWOKggKNRA9XzKHgjjaFzD3Eya9bk,,NO,NO,NO,NO,NO,
A78,Local landscapes and microhabitat characteristics are important determinants of urban–suburban forest bee communities,2019,…,Wiley Online Library,https://esajournals.onlinelibrary.wiley.com/doi/abs/10.1002/ecs2.2908,10.1002/ecs2.2908,NO,NO,NO,NO,NO,
A79,The effects of urbanization on bee communities depends on floral resource availability and bee functional traits,2019,PloS one,journals.plos.org,https://journals.plos.org/plosone/article?id=10.1371/journal.pone.0225852,https://doi.org/10.1371/journal.pone.0225852,YES,YES,YES,YES,YES,
A80,Floral reward and insect visitors in six ornamental Lonicera species–plants suitable for urban bee-friendly gardens,2019,Urban Forestry &Urban …,Elsevier,https://www.sciencedirect.com/science/article/pii/S1618866718307040,,NO,NO,NO,NO,NO,
A81,"Comparing the pollen forage pattern of stingless bee (Trigona iridipennis Smith) between rural and semi-urban areas of West Bengal, India",2019,Journal of Asia-Pacific Entomology,Elsevier,https://www.sciencedirect.com/science/article/pii/S1226861519301074,,NO,NO,NO,NO,NO,
A82,Agriculturally dominated landscapes reduce bee phylogenetic diversity and pollination services,2019,Science,science.org,https://www.science.org/doi/abs/10.1126/science.aat6016,10.1126/science.aat6016,NO,NO,NO,NO,NO,
A83,Multi_scalar drivers of biodiversity: Local management mediates wild bee community response to regional urbanization,2019,Ecological applications,Wiley Online Library,https://esajournals.onlinelibrary.wiley.com/doi/abs/10.1002/eap.1869,10.1002/eap.1869,YES,YES,YES,YES,YES,
A84,"Distribution of city size: Gibrat, pareto, zipf",2019,The Mathematics of Urban Morphology,Springer,https://link.springer.com/chapter/10.1007/978-3-030-12381-9_4,10.1007/978-3-030-12381-9_4,NO,NO,NO,NO,NO,
A85,Range expansion of an already widespread bee under climate change,2019,Global Ecology and Conservation,Elsevier,https://www.sciencedirect.com/science/article/pii/S2351989419300599,,NO,NO,NO,NO,NO,
A86,Early nesting biology of the bee Caupolicana yarrowi (Cresson)(Colletidae: Diphaglossinae) and its cleptoparasite Triepeolus grandis (Friese)(Apidae: Nomadinae),2019,American Museum …,BioOne,https://bioone.org/journals/american-museum-novitates/volume-2019/issue-3931/3931.1/Early-Nesting-Biology-of-the-Bee-iCaupolicana-yarrowi-i-Cresson/10.1206/3931.1.short,10.1206/3931.1.short,NO,NO,NO,NO,NO,
A87,Artificial bee colony algorithm with generating neighbourhood solution for large scale coloured traveling salesman problem,2019,IET Intelligent Transport Systems,Wiley Online Library,https://ietresearch.onlinelibrary.wiley.com/doi/abs/10.1049/iet-its.2018.5359,10.1049/iet-its.2018.5359,NO,NO,NO,NO,NO,
A88,Landscape and local site variables differentially influence pollinators and pollination services in urban agricultural sites,2019,PLoS One,journals.plos.org,https://journals.plos.org/plosone/article?id=10.1371/journal.pone.0212034,,NO,NO,NO,NO,NO,
A89,From potential to practical: conserving bees in urban public green spaces,2019,Frontiers in Ecology and the …,Wiley Online Library,https://esajournals.onlinelibrary.wiley.com/doi/abs/10.1002/fee.2015,10.1002/fee.2015,NO,NO,NO,NO,NO,
A90,A new approach of hybrid bee colony optimized neural computing to estimate the soil compression coefficient for a housing construction project,2019,Applied Sciences,mdpi.com,https://www.mdpi.com/2076-3417/9/22/4912,,NO,NO,NO,NO,NO,
A91,Effect of the honeybee hybrid and geographic region on the honey bee venom production,2019,Journal of plant protection …,jppp.journals.ekb.eg,https://jppp.journals.ekb.eg/article_40922.html,,NO,NO,NO,NO,NO,
A92,The African honey bee,2019,,books.google.com,https://books.google.com/books?hl=en&lr=&id=eqabDwAAQBAJ&oi=fnd&pg=PT7&dq=%22wildbees%22%7C%22wild+bee%22%7C%22bee%22+%22urban%22%7C%22city%22%7C%22cities%22&ots=QOswDOhf7f&sig=Y1sBhKHzb4zQ3-P8DRVEIT52fG4,,NO,NO,NO,NO,NO,
A93,"Wild bee abundance declines with urban warming, regardless of floral density",2018,Urban Ecosystems,Springer,https://link.springer.com/article/10.1007/s11252-018-0731-4,10.1007/s11252-018-0731-4,NO,NO,NO,NO,NO,
A94,City parks vs. natural areas-is it possible to preserve a natural level of bee richness and abundance in a city park?,2018,Urban …,Springer,https://link.springer.com/article/10.1007/s11252-018-0756-8,10.1007/s11252-018-0756-8,NO,NO,NO,NO,NO,
A95,Quantifying bee assemblages and attractiveness of flowering woody landscape plants for urban pollinator conservation,2018,PloS one,journals.plos.org,https://journals.plos.org/plosone/article?id=10.1371/journal.pone.0208428,,NO,NO,NO,NO,NO,
A96,"Effects of fragments and landscape characteristics on the orchid bee richness (Apidae: Euglossini) in an urban matrix, southwestern Amazonia",2018,Journal of Insect …,Springer,https://link.springer.com/article/10.1007/s10841-018-0075-7,10.1007/s10841-018-0075-7,NO,NO,NO,NO,NO,
A97,Phylogenetic homogenization of bee communities across ecoregions,2018,Global Ecology and …,Wiley Online Library,https://onlinelibrary.wiley.com/doi/abs/10.1111/geb.12822,10.1111/geb.12822,NO,NO,NO,NO,NO,
A98,A specialist in an urban area: are cities suitable to harbour populations of the oligolectic bee Centris (Melacentris) collaris (Apidae: Centridini)?,2018,Annales Zoologici …,BioOne,https://bioone.org/journals/Annales-Zoologici-Fennici/volume-55/issue-1%E2%80%933/086.055.0101/A-Specialist-in-an-Urban-Area--Are-Cities-Suitable/10.5735/086.055.0101.short,10.5735/086.055.0101.short,NO,NO,NO,NO,NO,
A99,To mow or to mow less: Lawn mowing frequency affects bee abundance and diversity in suburban yards,2018,Biological Conservation,Elsevier,https://www.sciencedirect.com/science/article/pii/S0006320717306201,https://doi.org/10.1016/j.biocon.2018.01.025,YES,YES,YES,YES,YES,
A100,"Bee-Flower-People Relationships, Field Biologists, and Conservation in Northwest Urban Costa Rica and Beyond.",2018,Zoosymposia,biotaxa.org,https://www.biotaxa.org/Zoosymposia/article/view/zoosymposia.12.1.4,,NO,NO,NO,NO,NO,
A101,"Rapid assessment of the orchid bee fauna (Hymenoptera: Apidae: Euglossini) in the vicinity of an urban Atlantic Forest remnant in São Paulo, Brazil",2018,Brazilian Journal of Biology,SciELO Brasil,https://www.scielo.br/j/bjb/a/88gWRMBBf4YQDjcctP4drzg/?lang=en,,NO,NO,NO,NO,NO,
A102,Forest bees are replaced in agricultural and urban landscapes by native species with different phenologies and life_history traits,2018,Global Change Biology,Wiley Online Library,https://onlinelibrary.wiley.com/doi/abs/10.1111/gcb.13921,10.1111/gcb.13921,NO,NO,NO,NO,NO,
A103,"Bee conservation in urban landscapes: Assessing bee assemblages, bee–attractiveness, and nutritritional value of woody landscape plants and mitigating potential …",2018,,uknowledge.uky.edu,https://uknowledge.uky.edu/entomology_etds/46/,,NO,NO,NO,NO,NO,
A104,Robust optimization of signal control parameters for unsaturated intersection based on tabu search-artificial bee colony algorithm,2018,IEEE Access,ieeexplore.ieee.org,https://ieeexplore.ieee.org/abstract/document/8375947/,,NO,NO,NO,NO,NO,
A105,Area-wide urban traffic control: A Bee Colony Optimization approach,2017,Transportation Research Part C …,Elsevier,https://www.sciencedirect.com/science/article/pii/S0968090X17300463,,NO,NO,NO,NO,NO,
A106,"Floral abundance, richness, and spatial distribution drive urban garden bee communities",2017,Bulletin of entomological research,cambridge.org,https://www.cambridge.org/core/journals/bulletin-of-entomological-research/article/floral-abundance-richness-and-spatial-distribution-drive-urban-garden-bee-communities/A4389AF4AC64B8B04119946044F19043,10.1017/S0007485317000153,YES,YES,YES,YES,NO,
A107,Bumble bee abundance in New York City community gardens: implications for urban agriculture,2017,Urban Horticulture: Ecology …,books.google.com,https://books.google.com/books?hl=en&lr=&id=5s9BDgAAQBAJ&oi=fnd&pg=PA193&dq=%22wildbees%22%7C%22wild+bee%22%7C%22bee%22+%22urban%22%7C%22city%22%7C%22cities%22&ots=Aer8w4jOHj&sig=QwZG8vgnJyghT7oi0l2ZCjYJ12c,,NO,NO,NO,NO,NO,
A108,Big city Bombus: using natural history and land-use history to find significant environmental drivers in bumble-bee declines in urban development,2017,Royal Society open …,royalsocietypublishing.org,https://royalsocietypublishing.org/doi/abs/10.1098/rsos.170156,10.1098/rsos.170156,NO,NO,NO,NO,NO,
A109,Vegetation management and host density influence bee–parasite interactions in urban gardens,2017,Environmental …,academic.oup.com,https://academic.oup.com/ee/article-abstract/46/6/1313/4561638,,NO,NO,NO,NO,NO,
A110,The magpie and the bee: Jane Jacobs's magnificent obsession,2017,Reconsidering Jane Jacobs,taylorfrancis.com,https://www.taylorfrancis.com/chapters/edit/10.4324/9781351179775-4/magpie-bee-jane-jacobs-magnificent-obsession-richard-harris,10.4324/9781351179775-4,NO,NO,NO,NO,NO,
A111,High mitochondrial DNA diversity and lack of population structure in a solitary cavity-nesting bee in an urban landscape,2017,Biological Journal of …,academic.oup.com,https://academic.oup.com/biolinnean/article-abstract/121/3/564/3096089,,NO,NO,NO,NO,NO,
A112,Bee life in the city: an analysis of the pollen provisions of Centris (Centris) flavifrons (Centridini) in an urban area,2017,Sociobiology,ojs3.uefs.br,http://ojs3.uefs.br/index.php/sociobiology/article/view/1277,,NO,NO,NO,NO,NO,
A113,Taxonomic and functional trait diversity of wild bees in different urban settings,2017,PeerJ,peerj.com,https://peerj.com/articles/3051/,https://doi.org/10.7717/peerj.3051,YES,YES,YES,YES,YES,
A114,Patterns of pollinator turnover and increasing diversity associated with urban habitats,2017,Urban Ecosystems,Springer,https://link.springer.com/article/10.1007/s11252-017-0688-8,10.1007/s11252-017-0688-8,NO,NO,NO,NO,NO,
A115,The city as a refuge for insect pollinators,2017,Conservation …,Wiley Online Library,https://conbio.onlinelibrary.wiley.com/doi/abs/10.1111/cobi.12840,10.1111/cobi.12840,NO,NO,NO,NO,NO,
A116,Interactions between bee foraging and floral resource phenology shape bee populations and communities,2017,Current opinion in insect science,Elsevier,https://www.sciencedirect.com/science/article/pii/S2214574517300408,,NO,NO,NO,NO,NO,
A117,Bee visitors of Centaurea solstitialis L. (Asteraceae) in an urban environment in northwestern Turkey,2017,Arthropod-Plant …,Springer,https://link.springer.com/article/10.1007/s11829-017-9526-4,10.1007/s11829-017-9526-4,NO,NO,NO,NO,NO,
A118,Quantifying exposure of wild bumblebees to mixtures of agrochemicals in agricultural and urban landscapes,2017,Environmental pollution,Elsevier,https://www.sciencedirect.com/science/article/pii/S0269749116321479,,NO,NO,NO,NO,NO,
A119,Nutritional composition of honey bee food stores vary with floral composition,2017,Oecologia,Springer,https://link.springer.com/article/10.1007/s00442-017-3968-3,10.1007/s00442-017-3968-3,NO,NO,NO,NO,NO,
A120,Physiological thermal limits predict differential responses of bees to urban heat-island effects,2017,Biology …,royalsocietypublishing.org,https://royalsocietypublishing.org/doi/abs/10.1098/rsbl.2017.0125,10.1098/rsbl.2017.0125,NO,NO,NO,NO,NO,
A121,Predictability of bee community composition after floral removals differs by floral trait group,2017,Biology Letters,royalsocietypublishing.org,https://royalsocietypublishing.org/doi/abs/10.1098/rsbl.2017.0515,10.1098/rsbl.2017.0515,NO,NO,NO,NO,NO,
A122,Wild Bee Community Assemblages Across Agricultural Landscapes1,2017,Journal of Agricultural and Urban Entomology,BioOne,https://bioone.org/journals/Journal-of-Agricultural-and-Urban-Entomology/volume-33/issue-1/1523-5475-33.1.77/Wild-Bee-Community-Assemblages-Across-Agricultural-Landscapes1/10.3954/1523-5475-33.1.77.short,10.3954/1523-5475-33.1.77.short,NO,NO,NO,NO,NO,
A123,"Effect of floral diversity and urbanization on bee species community composition in Phoenix, Arizona",2017,Journal of the Arizona-Nevada Academy of …,BioOne,https://bioone.org/journals/Journal-of-the-Arizona-Nevada-Academy-of-Science/volume-47/issue-1/036.047.0102/Effect-of-Floral-Diversity-and-Urbanization-on-Bee-Species-Community/10.2181/036.047.0102.short,10.2181/036.047.0102.short,NO,NO,NO,NO,NO,
A124,The structure of flower visitor networks in relation to pollination across an agricultural to urban gradient,2017,Functional …,Wiley Online Library,https://besjournals.onlinelibrary.wiley.com/doi/abs/10.1111/1365-2435.12803,10.1111/1365-2435.12803,NO,NO,NO,NO,NO,Urban and rural not distinguishable
A125,Landscape and local correlates of bee abundance and species richness in urban gardens,2016,Environmental …,academic.oup.com,https://academic.oup.com/ee/article-abstract/45/3/592/2962259,https://doi.org/10.1093/ee/nvw025,YES,YES,YES,YES,NO,
A126,"Temporal dynamics influenced by global change: bee community phenology in urban, agricultural, and natural landscapes",2016,Global change …,Wiley Online Library,https://onlinelibrary.wiley.com/doi/abs/10.1111/gcb.13141,10.1111/gcb.13141,NO,NO,NO,NO,NO,Data unavailable
A127,Urban gardens promote bee foraging over natural habitats and plantations,2016,Ecology and …,Wiley Online Library,https://onlinelibrary.wiley.com/doi/abs/10.1002/ece3.1941,10.1002/ece3.1941,NO,NO,NO,NO,NO,
A128,Wild bees in the city: reimagining urban spaces for native bee health,2016,Consilience,JSTOR,https://www.jstor.org/stable/26188777,,NO,NO,NO,NO,NO,
A129,Urban growth modeling using cellular automata with multi-temporal remote sensing images calibrated by the artificial bee colony optimization algorithm,2016,Sensors,mdpi.com,https://www.mdpi.com/1424-8220/16/12/2122,,NO,NO,NO,NO,NO,
A130,The contribution of human foods to honey bee diets in a mid-sized metropolis,2016,Journal of Urban …,academic.oup.com,https://academic.oup.com/jue/article-abstract/2/1/juw001/2624133,,NO,NO,NO,NO,NO,
A131,The proportion of impervious surfaces at the landscape scale structures wild bee assemblages in a densely populated region,2016,Ecology and …,Wiley Online Library,https://onlinelibrary.wiley.com/doi/abs/10.1002/ece3.2374,10.1002/ece3.2374,YES,NO,YES,NO,NO,No honeybees
A132,"Bee fauna and floral abundance within lawn-dominated suburban yards in Springfield, MA",2016,Annals of the Entomological Society of …,academic.oup.com,https://academic.oup.com/aesa/article-abstract/109/5/713/2195339,,NO,NO,NO,NO,NO,
A133,Widespread contamination of wildflower and bee-collected pollen with complex mixtures of neonicotinoids and fungicides commonly applied to crops,2016,Environment …,Elsevier,https://www.sciencedirect.com/science/article/pii/S0160412015301161,,NO,NO,NO,NO,NO,
A134,Wild bees as pollinators of city trees,2016,Insect Conservation and …,Wiley Online Library,https://resjournals.onlinelibrary.wiley.com/doi/abs/10.1111/icad.12145,10.1111/icad.12145,NO,NO,NO,NO,NO,visitation
A135,Use of human-made nesting structures by wild bees in an urban environment,2016,Journal of insect …,Springer,https://link.springer.com/article/10.1007/s10841-016-9857-y,10.1007/s10841-016-9857-y,NO,NO,NO,NO,NO,
A136,Collateral effects of beekeeping: Impacts on pollen-nectar resources and wild bee communities,2016,Basic and applied ecology,Elsevier,https://www.sciencedirect.com/science/article/pii/S1439179115001504,,NO,NO,NO,NO,NO,
A137,Bee inspired novel optimization algorithm and mathematical model for effective and efficient route planning in railway system,2016,PloS one,journals.plos.org,https://journals.plos.org/plosone/article?id=10.1371/journal.pone.0166064,,NO,NO,NO,NO,NO,
A138,Cost and risk aggregation in multi-objective route planning for hazardous materials transportation—A neuro-fuzzy and artificial bee colony approach,2016,Expert Systems with …,Elsevier,https://www.sciencedirect.com/science/article/pii/S0957417416304183,,NO,NO,NO,NO,NO,
A139,Bumble bee species exhibit divergent responses to urbanisation in a S outhern C alifornia landscape,2016,Ecological …,Wiley Online Library,https://resjournals.onlinelibrary.wiley.com/doi/abs/10.1111/een.12343,10.1111/een.12343,NO,NO,NO,NO,NO,
A140,The conservation value of urban green space habitats for Australian native bee communities,2015,Biological …,Elsevier,https://www.sciencedirect.com/science/article/pii/S0006320715001895,https://doi.org/10.1016/j.biocon.2015.05.003,YES,YES,YES,YES,NO,
A141,"The bee fauna of large parks in downtown Paris, France",2015,Annales de la Société …,Taylor &Francis,https://www.tandfonline.com/doi/abs/10.1080/00379271.2016.1146632,10.1080/00379271.2016.1146632,NO,NO,NO,NO,NO,
A142,"Honey bee success predicted by landscape composition in Ohio, USA",2015,PeerJ,peerj.com,https://peerj.com/articles/838/,,NO,NO,NO,NO,NO,
A143,Environmental effects on superoxide dismutase and catalase activity and expression in honey bee,2015,Archives of insect …,Wiley Online Library,https://onlinelibrary.wiley.com/doi/abs/10.1002/arch.21253,10.1002/arch.21253,NO,NO,NO,NO,NO,
A144,Ornamental bee plants as foraging resources for urban bees in Southern Brazil,2015,Agricultural …,scirp.org,https://www.scirp.org/html/10-3000989_54891.htm,,NO,NO,NO,NO,NO,
A145,An investigation into bee assemblage change along an urban-rural gradient,2015,,etheses.bham.ac.uk,https://etheses.bham.ac.uk/id/eprint/5823/,,NO,NO,NO,NO,NO,
A146,Adolescents' exposure to tobacco and alcohol content in YouTube music videos,2015,…,Wiley Online Library,https://onlinelibrary.wiley.com/doi/abs/10.1111/add.12835,10.1111/add.12835,NO,NO,NO,NO,NO,
A147,Bee hotels' as tools for native pollinator conservation: a premature verdict?,2015,PloS one,journals.plos.org,https://journals.plos.org/plosone/article?id=10.1371/journal.pone.0122126,,NO,NO,NO,NO,NO,
A148,Causes of variation in wild bee responses to anthropogenic drivers,2015,Current Opinion in Insect Science,Elsevier,https://www.sciencedirect.com/science/article/pii/S2214574515000826,,NO,NO,NO,NO,NO,
A149,"Honey bee dance decoding and pollen-load analysis show limited foraging on spring-flowering oilseed rape, a potential source of neonicotinoid …",2015,"Agriculture, Ecosystems …",Elsevier,https://www.sciencedirect.com/science/article/pii/S0167880914005532,,NO,NO,NO,NO,NO,
A150,An improved artificial bee colony algorithm for optimal land-use allocation,2015,International Journal of …,Taylor &Francis,https://www.tandfonline.com/doi/abs/10.1080/13658816.2015.1012512,10.1080/13658816.2015.1012512,NO,NO,NO,NO,NO,
A151,Pharmacological synergism of bee venom and melittin with antibiotics and plant secondary metabolites against multi-drug resistant microbial pathogens,2015,Phytomedicine,Elsevier,https://www.sciencedirect.com/science/article/pii/S0944711314004036,,NO,NO,NO,NO,NO,
A152,Correlations between land covers and honey bee colony losses in a country with industrialized and rural regions,2015,Science of the Total …,Elsevier,https://www.sciencedirect.com/science/article/pii/S0048969715301893,,NO,NO,NO,NO,NO,
A153,"Pollination service to urban agriculture in San Francisco, CA",2015,Urban Ecosystems,Springer,https://link.springer.com/article/10.1007/s11252-015-0435-y,10.1007/s11252-015-0435-y,NO,NO,NO,NO,NO,
A154,Prairie restorations and bees: The potential ability of seed mixes to foster native bee communities,2015,Basic and Applied Ecology,Elsevier,https://www.sciencedirect.com/science/article/pii/S1439179114001492,,NO,NO,NO,NO,NO,
A155,"Eating locally: dance decoding demonstrates that urban honey bees in Brighton, UK, forage mainly in the surrounding urban area",2015,Urban Ecosystems,Springer,https://link.springer.com/article/10.1007/s11252-014-0403-y,10.1007/s11252-014-0403-y,NO,NO,NO,NO,NO,
A156,Are urban areas suitable for thermophilic and xerothermic bee species (Hymenoptera: Apoidea: Apiformes)?,2014,Apidologie,Springer,https://link.springer.com/article/10.1007/s13592-013-0232-7,10.1007/s13592-013-0232-7,NO,NO,NO,NO,NO,Data from previous studies A158
A157,Routes of acquisition of the gut microbiota of the honey bee Apis mellifera,2014,Applied and …,Am Soc Microbiol,https://journals.asm.org/doi/abs/10.1128/aem.01861-14,10.1128/aem.01861-14,NO,NO,NO,NO,NO,
A158,A comparison of social bee–plant networks between two urban areas,2014,Neotropical entomology,Springer,https://link.springer.com/article/10.1007/s13744-014-0227-8,10.1007/s13744-014-0227-8,NO,NO,NO,NO,NO,VISITATION
A159,"Decreasing abundance, increasing diversity and changing structure of the wild bee community (Hymenoptera: Anthophila) along an urbanization gradient",2014,PloS one,journals.plos.org,https://journals.plos.org/plosone/article?id=10.1371/journal.pone.0104679,,YES,NO,NO,N,NO,No honeybees
A160,"Floral resources, body size, and surrounding landscape influence bee community assemblages in oak_savannah fragments",2014,Ecological Entomology,Wiley Online Library,https://resjournals.onlinelibrary.wiley.com/doi/abs/10.1111/een.12070,10.1111/een.12070,NO,NO,NO,NO,NO,Not urban
A161,Native plants are the bee's knees: local and landscape predictors of bee richness and abundance in backyard gardens,2014,Urban Ecosystems,Springer,https://link.springer.com/article/10.1007/s11252-014-0349-0,10.1007/s11252-014-0349-0,YES,YES,YES,YES,YES,
A162,A new technique based on Artificial Bee Colony Algorithm for optimal sizing of stand-alone photovoltaic system,2014,Journal of advanced research,Elsevier,https://www.sciencedirect.com/science/article/pii/S2090123213000891,,NO,NO,NO,NO,NO,
A163,Effects of suburbanization on forest bee communities,2014,Environmental …,academic.oup.com,https://academic.oup.com/ee/article-abstract/43/2/253/526089,,NO,NO,NO,NO,NO,
A164,"Humans, bees, and pollination services in the city: the case of Chicago, IL (USA)",2014,Biodiversity and …,Springer,https://link.springer.com/article/10.1007/s10531-014-0752-0,10.1007/s10531-014-0752-0,YES,YES,YES,YES,YES,
A165,Bee inspired zonal vehicle routing algorithm in urban traffic,2014,… Indonesian Journal of Electrical …,journal.esperg.com,http://journal.esperg.com/index.php/tijee/article/view/3801,,NO,NO,NO,NO,NO,
A166,Honey Bee Ecology from an Urban Landscape Perspective: The Spatial Ecology of Feral Honey Bees,2014,In Silico Bees,taylorfrancis.com,https://www.taylorfrancis.com/chapters/oa-edit/10.1201/b16453-6/honey-bee-ecology-urban-landscape-perspective-kristen-baum-maria-tchakerian-andrew-birt-robert-coulson,10.1201/b16453-6,NO,NO,NO,NO,NO,
A167,Bee time,2014,,mcnallyrobinson.com,https://www.mcnallyrobinson.com/files/pdfs/1336_NatureEnvironment.pdf,,NO,NO,NO,NO,NO,
A168,Pollen specialization by solitary bees in an urban landscape,2014,Urban Ecosystems,Springer,https://link.springer.com/article/10.1007/s11252-013-0321-4,10.1007/s11252-013-0321-4,NO,NO,NO,NO,NO,
A169,Buzz: Urban beekeeping and the power of the bee,2013,,books.google.com,https://books.google.com/books?hl=en&lr=&id=SVCoAAAAQBAJ&oi=fnd&pg=PP1&dq=%22wildbees%22%7C%22wild+bee%22%7C%22bee%22+%22urban%22%7C%22city%22%7C%22cities%22&ots=NzCMTDrQJV&sig=4uK6KzW0x2qOu7_90de-Xgu0jew,,NO,NO,NO,NO,NO,
A170,Urban land use limits regional bumble bee gene flow,2013,Molecular ecology,Wiley Online Library,https://onlinelibrary.wiley.com/doi/abs/10.1111/mec.12275,10.1111/mec.12275,NO,NO,NO,NO,NO,
A171,To bee or not to bee: Whether 'tis nobler to revere or to revile those six-legged creatures during one's leisure,2013,Leisure Studies,Taylor &Francis,https://www.tandfonline.com/doi/abs/10.1080/02614367.2011.626064,10.1080/02614367.2011.626064,NO,NO,NO,NO,NO,
A172,An intelligent method to discover transition rules for cellular automata using bee colony optimisation,2013,International Journal of …,Taylor &Francis,https://www.tandfonline.com/doi/abs/10.1080/13658816.2013.823498,10.1080/13658816.2013.823498,NO,NO,NO,NO,NO,
A173,Changes in wild bee fauna of a grassland in Brazil reveal negative effects associated with growing urbanization during the last 40 years,2013,Zoologia (Curitiba),SciELO Brasil,https://www.scielo.br/j/zool/a/Kcz67jcLBcvHfHDRyGKYGFp/?lang=en&format=html,,YES,YES,YES,NO,NO,Not really urban
A174,"Nesting attributes of dwarf bee, Apis florea F. under urban ecosystem of Manasagangotri campus, Mysore, India",2013,European Journal of …,eprints.uni-mysore.ac.in,http://eprints.uni-mysore.ac.in/9416/,,NO,NO,NO,NO,NO,
A175,Evaluation of morphological characteristics of honey bee Apis mellifera meda (Hymenoptera: Apidae) in Mazandaran (North of Iran),2013,Technical Journal of Engineering and …,researchgate.net,https://www.researchgate.net/profile/Alinaghi-Mirmoayedi/publication/252931608_Evaluation_of_morphological_characteristics_of_honey_bee_Apis_mellifera_meda_Hymenoptera_Apidae_in_Mazandaran_North_of_Iran/links/02e7e51f58bdb5f772000000/Evaluation-of-morphological-characteristics-of-honey-bee-Apis-mellifera-meda-Hymenoptera-Apidae-in-Mazandaran-North-of-Iran.pdf,,NO,NO,NO,NO,NO,
A176,First isolation of Kashmir bee virus (KBV) in Italy,2013,Journal of Apicultural …,Taylor &Francis,https://www.tandfonline.com/doi/pdf/10.3896/IBRA.1.52.2.08,10.3896/IBRA.1.52.2.08,NO,NO,NO,NO,NO,
A177,"Economic gain, stability of pollination and bee diversity decrease from southern to northern Europe",2013,Basic and Applied …,Elsevier,https://www.sciencedirect.com/science/article/pii/S1439179113000911,,NO,NO,NO,NO,NO,
A178,"A successful habitat reconstruction effort, the short history of the European Bee-eater (Merops apiaster) colony at Albertirsa (Hungary)",2013,Ornis Hungarica,researchgate.net,https://www.researchgate.net/profile/Zoltan-Vas/publication/269479142_A_successful_habitat_reconstruction_effort_the_short_history_of_the_European_Bee-eater_Merops_apiaster_colony_at_Albertirsa_Hungary/links/5617805508ae839f3c7deba7/A-successful-habitat-reconstruction-effort-the-short-history-of-the-European-Bee-eater-Merops-apiaster-colony-at-Albertirsa-Hungary.pdf?origin=journalDetail&_tp=eyJwYWdlIjoiam91cm5hbERldGFpbCJ9,,NO,NO,NO,NO,NO,
A179,Resource diversity and landscape-level homogeneity drive native bee foraging,2013,Proceedings of the National Academy of …,National Acad Sciences,https://www.pnas.org/doi/abs/10.1073/pnas.1208682110,10.1073/pnas.1208682110,NO,NO,NO,NO,NO,
A180,Transit network design by bee colony optimization,2013,Expert Systems with Applications,Elsevier,https://www.sciencedirect.com/science/article/pii/S0957417413002881,,NO,NO,NO,NO,NO,
A181,Combinatorial Optimization Using Artificial Bee Colony Algorithm and Particle Swarm Optimization Supported Genetic Algorithm,2013,Kafkas University Journal of …,papers.ssrn.com,https://papers.ssrn.com/sol3/papers.cfm?abstract_id=2382482,,NO,NO,NO,NO,NO,
A182,Chronic obstructive pulmonary disease in sub-Saharan Africa: a systematic review,2013,… of Tuberculosis and …,ingentaconnect.com,https://www.ingentaconnect.com/content/iuatld/ijtld/2013/00000017/00000005/art00005,,NO,NO,NO,NO,NO,
A183,Common factors influence bee foraging in urban and wildland landscapes,2012,Urban Ecosystems,Springer,https://link.springer.com/article/10.1007/s11252-011-0211-6,10.1007/s11252-011-0211-6,NO,NO,NO,NO,NO,
A184,Pollinating animals in the urban environment,2012,Urban Ecosystems,Springer,https://link.springer.com/article/10.1007/s11252-011-0202-7,10.1007/s11252-011-0202-7,YES,YES,YES,YES,NO,Visitation
A185,Wild bees along an urban gradient: winners and losers,2012,Journal of Insect Conservation,Springer,https://link.springer.com/article/10.1007/s10841-011-9419-2,10.1007/s10841-011-9419-2,YES,YES,YES,YES,YES,
A186,Changing bee and hoverfly pollinator assemblages along an urban-rural gradient,2011,PloS one,journals.plos.org,https://journals.plos.org/plosone/article?id=10.1371/journal.pone.0023459,https://doi.org/10.1371/journal.pone.0023459,YES,YES,YES,YES,YES,
A187,"Microsite conditions dominate habitat selection of the red mason bee (Osmia bicornis, Hymenoptera: Megachilidae) in an urban environment: A case study …",2011,Landscape and Urban …,Elsevier,https://www.sciencedirect.com/science/article/pii/S016920461100209X,,NO,NO,NO,NO,NO,
A188,"A comparison of bee communities of Chicago green roofs, parks and prairies",2011,Landscape and Urban …,Elsevier,https://www.sciencedirect.com/science/article/pii/S0169204611002350,https://doi.org/10.1016/j.landurbplan.2011.07.004,YES,YES,YES,YES,NO,
A189,A combinatorial artificial bee colony algorithm for traveling salesman problem,2011,2011 International Symposium on …,ieeexplore.ieee.org,https://ieeexplore.ieee.org/abstract/document/5946125/,,NO,NO,NO,NO,NO,
A190,QoS swarm bee routing protocol for vehicular ad hoc networks,2011,2011 IEEE international conference on …,ieeexplore.ieee.org,https://ieeexplore.ieee.org/abstract/document/5963424/,,NO,NO,NO,NO,NO,
A191,The role of resources and risks in regulating wild bee populations,2011,Annual review of entomology,annualreviews.org,https://www.annualreviews.org/doi/abs/10.1146/annurev-ento-120709-144802,10.1146/annurev-ento-120709-144802,NO,NO,NO,NO,NO,
A192,Gardening in the desert changes bee communities and pollination network characteristics,2011,Basic and Applied Ecology,Elsevier,https://www.sciencedirect.com/science/article/pii/S1439179110001611,,NO,NO,NO,NO,NO,
A193,Properties of different lactic acid bacteria isolated from Apis mellifera L. bee-gut,2011,Microbiological …,Elsevier,https://www.sciencedirect.com/science/article/pii/S0944501310000042,,NO,NO,NO,NO,NO,
A194,"Hylaeus punctatus (Hymenoptera: Colletidae), a bee species new to Canada, with notes on other non-native species",2011,Journal of the …,entsocont.ca,http://www.entsocont.ca/uploads/3/0/2/6/30266933/5_jeso_142_sheffield_et_al_29_43.pdf,,NO,NO,NO,NO,NO,
A195,Artificial bee colony algorithm for traveling salesman problem,2011,Advanced materials …,Trans Tech Publ,https://www.scientific.net/AMR.314-316.2191,,NO,NO,NO,NO,NO,
A196,Determinates of inner city butterfly and bee species richness,2010,Urban ecosystems,Springer,https://link.springer.com/article/10.1007/s11252-010-0122-y,10.1007/s11252-010-0122-y,YES,YES,YES,YES,NO,
A197,"Spider, bee, and bird communities in cities are shaped by environmental control and high stochasticity",2010,Ecology,Wiley Online Library,https://esajournals.onlinelibrary.wiley.com/doi/abs/10.1890/09-1810.1,10.1890/09-1810.1,NO,NO,YES,NO,NO,
A198,Honey bee biodiversity in Western Black Sea and evidence for a new honey bee ecotype in Yı_ılca provinces of Düzce city,2010,Biyoloji Bilimleri Ara_tırma Dergisi,bibad.gen.tr,http://bibad.gen.tr/index.php/bibad/article/download/61/61,,NO,NO,NO,NO,NO,
A199,Inorganic contaminants in bee pollen from southeastern Brazil,2010,Journal of Agricultural …,ACS Publications,https://pubs.acs.org/doi/abs/10.1021/jf100433p,10.1021/jf100433p,NO,NO,NO,NO,NO,
A200,Bee colony optimization with local search for traveling salesman problem,2010,International Journal on Artificial …,World Scientific,https://www.worldscientific.com/doi/abs/10.1142/S0218213010000200,10.1142/S0218213010000200,NO,NO,NO,NO,NO,
A201,Ecological and life-history traits predict bee species responses to environmental disturbances,2010,Biological …,Elsevier,https://www.sciencedirect.com/science/article/pii/S0006320710001138,,NO,NO,NO,NO,NO,
A202,Low resource availability drives feeding niche partitioning between wild bees and honeybees in a European city,2023,Ecological Indicators,Wiley Online Library,https://esajournals.onlinelibrary.wiley.com/doi/10.1002/eap.2727,https://doi.org/10.1002/eap.2727,YES,YES,YES,YES,YES,
A203,High honeybee abundances reduce wild bee abundances on flowers in the city of Munich,2021,Oecologia,Springer,https://doi.org/10.1007/s00442-021-04862-6,,YES,YES,YES,YES,NO,
A204,Habitat connectivity shapes urban arthropod communities: the key role of green roofs,2014,Ecology,Wiley Online Library,https://esajournals.onlinelibrary.wiley.com/doi/full/10.1890/13-0705.1,https://doi.org/10.1890/13-0705.1,YES,YES,YES,YES,YES,
A205,Disentangling urban habitat and matrix effects on wild bee species,2016,PeerJ,peerj.com,https://peerj.com/articles/2729/,https://doi.org/10.7717/peerj.2729,YES,YES,YES,YES,NO,
A206,A systems approach reveals urban pollinator hotspots and conservation opportunities,2019,Nature Ecology & Evolution,nature,https://www.nature.com/articles/s41559-018-0769-y,https://doi.org/10.1038/s41559-018-0769-y,YES,YES,YES,YES,?,
A207,Are cities hotspots for bees? Local and regional diversity patterns lead to different conclusions,2020,Urban ecosystems,Springer,https://link.springer.com/article/10.1007/s11252-020-00972-w,https://doi.org/10.1007/s11252-020-00972-w,YES,YES,YES,YES,NO,
A208,"Applying predictive models to study the ecological properties of urban ecosystems: A case study in Zürich, Switzerland",2021,Landscape and Urban …,Elsevier,https://www.sciencedirect.com/science/article/pii/S0169204621001006,https://doi.org/10.1016/j.landurbplan.2021.104137,YES,YES,YES,YES,YES,
A209,Effects of urbanisation and management practices on pollinators in tropical Africa,2018,Journal of Applied Ecology,Wiley Online Library,https://besjournals.onlinelibrary.wiley.com/doi/full/10.1111/1365-2664.13270,https://doi.org/10.1111/1365-2664.13270,YES,YES,YES,YES,NO,
A210,"Wild bees in urban grasslands: Urbanisation, functional diversity and species traits",2020,Landscape and Urban …,Elsevier,https://www.sciencedirect.com/science/article/pii/S0169204619306693,https://doi.org/10.1016/j.landurbplan.2019.103731,YES,YES,YES,NO,NO,Same data as A205
A211,nteractive effects of urbanization and local habitat characteristics influence bee communities and flower visitation rates,2019,Oecologia,Springer,https://link.springer.com/article/10.1007/s00442-019-04416-x#Sec8,https://doi.org/10.1007/s00442-019-04416-x,YES,NO,YES,MO,NO,Data not available
A212,ld bee species abundance and richness across an urban–rural gradient,2018,Journal of Insect Conservation,Springer,https://link.springer.com/article/10.1007/s10841-018-0068-6#Sec2,https://doi.org/10.1007/s10841-018-0068-6,YES,YES,YES,YES,YES,
A213,"Buzzing on top: Linking wild bee diversity, abundance and traits with green roof qualities.",2018,Urban ecosystems,Springer,https://link.springer.com/article/10.1007/s11252-017-0726-6#Sec6,https://doi.org/10.1007/s11252-017-0726-6,YES,YES,YES,YES,YES,
A214,en bee species new to green roofs in the Chicago area.,2014,The Great Lakes Entomologist,,https://scholar.valpo.edu/tgle/vol47/iss1/13/,https://doi.org/10.22543/0090-0222.2295,YES,YES,YES,NO,NO,Data from A196
A215,"Wild bees (Hymenoptera: Apoidea) in an urban botanical garden in Buenos Aires, Argentina. ",2015,Studies on Neotropical Fauna and Environment,Springer,https://www.tandfonline.com/doi/full/10.1080/01650521.2015.1093764,https://doi.org/10.1080/01650521.2015.1093764,YES,NO,YES,NO,NO,No honeybee abundance
A216,Bees (Hymenoptera: Apoidea) of the Chicago area: diversity and habitat use in an urbanized landscape,2012,The Great Lakes Entomologist,,,,NO,NO,NO,NO,NO,
A217,Experimental small_scale flower patches increase species density but not abundance of small urban bees.,2018,Journal of Applied Ecology,Wiley,https://besjournals.onlinelibrary.wiley.com/doi/full/10.1111/1365-2664.13085,https://doi.org/10.1111/1365-2664.13085,YES,YES,YES,YES,NO,
A218,"Conservation in post_industrial cities: How does vacant land management
and landscape configuration influence urban bees",2020,Journal of Applied Ecology,Wiley,https://besjournals.onlinelibrary.wiley.com/doi/10.1111/1365-2664.13773,https://doi.org/10.1111/1365-2664.13773,YES,YES,YES,YES,YES,
A219,"Five years of citizen science and standardised field surveys in
an informal urban green space reveal a threatened Eden for wild bees in Brussels, Belgium.",2021,nsect Conservation and Diversity,Wiley,https://resjournals.onlinelibrary.wiley.com/doi/full/10.1111/icad.12514,https://doi.org/10.1111/icad.12514,NO,NO,NO,NO,NO,
A220,Wastelands: their attractiveness and importance for preserving the diversity of wild bees in urban areas,2019,Journal of Insect Conservation,Springer,https://link.springer.com/article/10.1007/s10841-019-00148-8#Sec23,https://doi.org/10.1007/s10841-019-00148-8,YES,NO,YES,NO,NO,
A221,"Diversity of greenspace design and management impacts pollinator communities in a densely urbanized landscape: the city of Paris, France",2023,Urban ecosystems,Springer,https://doi.org/10.1007/s11252-023-01351-x,https://doi.org/10.1007/s11252-023-01351-x,YES,YES,YES,YES,NO,
A222,Keeping Up with Insect Pollinators in Paris,2022,Insects,MDPI,https://www.mdpi.com/2076-2615/12/7/923,https://doi.org/10.3390/ani12070923,YES,YES,YES,NO,NO,Same data as A221